Simple,ROS,RUS,Smote,Bag,ROSBag,RUSBag,SmoteBag,Boost,ROSBoost,RUSBoost,SmoteBoost
0.4286,0.45,0.4651,0.5,0.4286,0.5116,0.4878,0.5217,0.4375,0.5263,0.4737,0.4444
0.3704,0.5366,0.4,0.4,0.32,0.5,0.4,0.3784,0.375,0.4286,0.4,0.4737
0.4615,0.36,0.4737,0.3404,0.3704,0.3478,0.4,0.3265,0.4375,0.3333,0.3889,0.4082
0.4286,0.5,0.45,0.4681,0.3571,0.4651,0.5116,0.4783,0.4242,0.3721,0.4091,0.5238
0.4444,0.5238,0.5946,0.5238,0.4444,0.5366,0.5581,0.5366,0.4828,0.5581,0.5455,0.4762
0.24,0.45,0.5,0.4706,0.3704,0.4737,0.4615,0.4737,0.3571,0.3684,0.4444,0.4324
0.4667,0.5957,0.6222,0.5957,0.4667,0.5909,0.6522,0.625,0.4516,0.6522,0.7556,0.52
0.4516,0.5116,0.4545,0.4651,0.4516,0.4762,0.4762,0.45,0.4516,0.4651,0.4255,0.5
0.32,0.5385,0.619,0.6,0.32,0.6087,0.6,0.6222,0.5333,0.4651,0.4242,0.4545
0.3077,0.6047,0.5455,0.5909,0.2308,0.619,0.6341,0.619,0.4242,0.5714,0.5854,0.6047
0.4286,0.65,0.6977,0.6154,0.3333,0.6667,0.5405,0.6,0.6061,0.5714,0.55,0.5556
0.3571,0.6364,0.5909,0.6364,0.3571,0.6667,0.6512,0.6512,0.5161,0.5417,0.6818,0.5
0.2963,0.2667,0.3415,0.3404,0.16,0.3111,0.381,0.3404,0.2581,0.3043,0.3256,0.3636
0.2857,0.5,0.4103,0.4762,0.2857,0.4878,0.5238,0.4762,0.3125,0.5,0.4878,0.4878
0.4,0.5833,0.619,0.5333,0.1818,0.5833,0.5652,0.5532,0.5625,0.5238,0.5581,0.5714
0.3478,0.6,0.5405,0.5,0.4167,0.5294,0.4667,0.5556,0.4828,0.5455,0.5294,0.4242
0.5185,0.6222,0.6364,0.6364,0.4167,0.6512,0.7273,0.6364,0.7273,0.6383,0.6667,0.5957
0.2857,0.4348,0.3913,0.4762,0.2667,0.4348,0.4783,0.4545,0.3429,0.3556,0.4255,0.3478
0.4444,0.5238,0.5217,0.5789,0.2727,0.5238,0.5641,0.5641,0.4516,0.5641,0.5556,0.6
0.3846,0.4865,0.5,0.5238,0.3704,0.4103,0.4737,0.5641,0.3571,0.5106,0.4615,0.5532
0.5455,0.5366,0.6,0.65,0.4516,0.6364,0.5581,0.5909,0.6486,0.5652,0.5,0.5306
0.2857,0.4706,0.4545,0.4082,0.1538,0.4681,0.4681,0.4681,0.2759,0.439,0.4103,0.4103
0.5185,0.5833,0.6222,0.5833,0.4828,0.5652,0.6047,0.5652,0.6471,0.6364,0.619,0.5641
0.3478,0.5946,0.5455,0.6111,0.2727,0.5882,0.5455,0.6111,0.48,0.5294,0.4571,0.4571
0.2857,0.4651,0.3478,0.3182,0.2857,0.3333,0.4091,0.3256,0.4848,0.3333,0.4,0.4444
0.4167,0.6667,0.5854,0.6667,0.3478,0.6383,0.6222,0.6383,0.5161,0.6222,0.6154,0.5778
0.4828,0.5366,0.5128,0.4762,0.4138,0.5714,0.4878,0.4762,0.4375,0.5,0.55,0.4878
0.2727,0.5143,0.5405,0.5556,0.4,0.5143,0.5946,0.5405,0.5185,0.5556,0.5405,0.3871
0.3846,0.5854,0.5854,0.6047,0.3846,0.619,0.6,0.6047,0.3704,0.619,0.619,0.5263
0.5,0.5909,0.5833,0.5854,0.4667,0.6667,0.6047,0.619,0.5455,0.619,0.6364,0.6486
0.3448,0.5385,0.6222,0.52,0.3448,0.566,0.6122,0.5385,0.375,0.6087,0.5909,0.4865
0.5,0.5238,0.5366,0.5581,0.4615,0.5854,0.5,0.5854,0.6,0.5714,0.55,0.5366
0.3846,0.4865,0.4706,0.4324,0.3846,0.4706,0.4242,0.4324,0.3571,0.5263,0.375,0.5143
0.4,0.4444,0.45,0.4091,0.3846,0.4091,0.4651,0.4091,0.5185,0.4615,0.4186,0.439
0.4667,0.5217,0.52,0.5306,0.4667,0.6512,0.5366,0.5306,0.5946,0.6667,0.5833,0.6383
0.5806,0.619,0.549,0.6341,0.5517,0.6341,0.6047,0.6047,0.6857,0.6341,0.5854,0.6364
0.4286,0.55,0.5333,0.5909,0.1739,0.5909,0.5455,0.6222,0.5161,0.4865,0.5854,0.5581
0.4444,0.5946,0.5128,0.5714,0.32,0.6512,0.5128,0.5946,0.4138,0.5405,0.5641,0.5556
0.25,0.4545,0.4762,0.4783,0.0909,0.381,0.4651,0.4545,0.4286,0.3333,0.3556,0.3415
0.3077,0.5909,0.6316,0.6341,0.2963,0.65,0.6486,0.6341,0.6286,0.4737,0.4571,0.5294
0.5,0.5652,0.5238,0.5581,0.3478,0.5455,0.4889,0.619,0.5806,0.4878,0.4878,0.4889
0.3333,0.4878,0.4865,0.4615,0.2609,0.45,0.4324,0.4615,0.5161,0.4186,0.5,0.5128
0.4138,0.4762,0.5128,0.4889,0.3846,0.4651,0.4545,0.4889,0.3871,0.4211,0.4545,0.4545
0.5625,0.56,0.5957,0.5957,0.5161,0.5532,0.5532,0.5833,0.5714,0.5306,0.5217,0.5532
0.3333,0.6047,0.619,0.55,0.2727,0.5238,0.6154,0.5366,0.5517,0.5641,0.6111,0.5641
0.4828,0.5532,0.5652,0.5306,0.3077,0.5106,0.5455,0.5217,0.4848,0.4103,0.5366,0.5581
0.2857,0.6,0.619,0.6341,0.2857,0.6,0.5789,0.619,0.4242,0.5789,0.5366,0.5789
0.5185,0.5946,0.5789,0.5,0.4615,0.4444,0.5714,0.4865,0.4667,0.4615,0.4324,0.4737
0.48,0.65,0.6667,0.6842,0.4167,0.6842,0.6316,0.6486,0.48,0.5652,0.55,0.6667
0.2222,0.4,0.4082,0.4,0.2222,0.4348,0.4286,0.4348,0.3333,0.4167,0.4762,0.4348
0.4286,0.5854,0.5652,0.65,0.4828,0.6341,0.65,0.6341,0.4828,0.6667,0.5957,0.6154
0.4138,0.5769,0.6531,0.5,0.4138,0.5652,0.6275,0.52,0.5946,0.5,0.6047,0.4906
0.4444,0.6316,0.5238,0.5641,0.6,0.5641,0.5641,0.55,0.5517,0.5263,0.4737,0.6286
0.5,0.5263,0.5143,0.5455,0.4444,0.5366,0.5556,0.5714,0.4828,0.5333,0.5581,0.5714
0.3448,0.5417,0.5333,0.4681,0.3448,0.5417,0.5106,0.4545,0.5143,0.5778,0.4444,0.5217
0.4,0.5581,0.55,0.5,0.3333,0.5909,0.6,0.5,0.4667,0.45,0.5366,0.5116
0.3846,0.5714,0.6061,0.6486,0.4,0.6,0.5714,0.6111,0.5625,0.5652,0.5789,0.5789
0.25,0.4103,0.4444,0.4878,0.32,0.4211,0.4706,0.4865,0.2963,0.4706,0.375,0.5294
0.3571,0.4286,0.439,0.5217,0.3846,0.4762,0.5238,0.5,0.4706,0.439,0.4651,0.4286
0.5333,0.4889,0.5455,0.5333,0.4828,0.5455,0.4762,0.5652,0.5,0.55,0.4151,0.5116
0.4138,0.5652,0.5238,0.6087,0.2609,0.5909,0.6222,0.6364,0.5455,0.5116,0.5581,0.6047
0.4615,0.55,0.5641,0.5455,0.4615,0.5714,0.5641,0.5714,0.5455,0.5,0.5238,0.5116
0.5,0.5789,0.5238,0.6047,0.4444,0.65,0.6154,0.6667,0.5333,0.5366,0.5366,0.5581
0.3478,0.6809,0.65,0.64,0.7333,0.6512,0.6977,0.6222,0.6207,0.5217,0.6522,0.5833
0.2963,0.4783,0.45,0.5,0.1739,0.4545,0.4878,0.4545,0.2857,0.4681,0.4286,0.4651
0.4286,0.5641,0.6111,0.5405,0.3704,0.5714,0.5556,0.5405,0.5161,0.5294,0.5556,0.5143
0.4571,0.5455,0.625,0.5091,0.3448,0.549,0.5833,0.5091,0.5854,0.549,0.5532,0.5306
0.3333,0.4444,0.4286,0.4737,0.3333,0.4737,0.45,0.4615,0.3448,0.439,0.4324,0.4762
0.24,0.4889,0.439,0.45,0.25,0.4615,0.45,0.4324,0.2857,0.2703,0.2857,0.4286
0.16,0.439,0.3902,0.439,0.1667,0.4762,0.3243,0.439,0.4848,0.5581,0.4651,0.5238
0.3846,0.5263,0.5294,0.5405,0.4167,0.5263,0.5405,0.5263,0.4,0.5556,0.5641,0.4865
0.2727,0.5455,0.4865,0.5789,0.2727,0.5,0.4103,0.5641,0.5,0.5,0.5238,0.4762
0.4242,0.5532,0.5778,0.5217,0.4242,0.5333,0.6087,0.5217,0.4737,0.5652,0.5,0.5652
0.5385,0.6,0.5455,0.5581,0.48,0.5854,0.6316,0.5714,0.6061,0.5455,0.6486,0.5714
0.5294,0.5957,0.6383,0.52,0.2963,0.5833,0.6122,0.5417,0.6667,0.5833,0.5455,0.5385
0.24,0.5366,0.5116,0.4865,0.2963,0.5,0.4762,0.4737,0.3571,0.439,0.5333,0.4762
0.5,0.6047,0.6364,0.6522,0.6061,0.6667,0.6512,0.6222,0.4444,0.6667,0.5714,0.6977
0.0,0.2791,0.2927,0.3478,0.0,0.3256,0.2927,0.3556,0.1429,0.3404,0.3684,0.3684
0.5385,0.6087,0.5714,0.5909,0.5385,0.5909,0.6,0.5909,0.7097,0.5714,0.6486,0.5909
0.32,0.6154,0.5366,0.6667,0.32,0.6341,0.65,0.6667,0.4444,0.6222,0.4865,0.5455
0.5185,0.4651,0.4651,0.4783,0.2609,0.4762,0.5,0.4889,0.4667,0.5098,0.4889,0.4651
0.3571,0.625,0.5417,0.6222,0.3571,0.5455,0.5455,0.5957,0.4516,0.5,0.5581,0.5
0.3846,0.5116,0.5366,0.5238,0.4444,0.5405,0.5714,0.5,0.4667,0.5405,0.4118,0.5128
0.2308,0.5128,0.4444,0.5,0.2857,0.4615,0.4,0.4737,0.375,0.3784,0.3243,0.4651
0.4444,0.5217,0.5366,0.5306,0.4444,0.4783,0.5957,0.5217,0.6061,0.56,0.5833,0.5333
0.3077,0.439,0.5333,0.4324,0.3704,0.5,0.5789,0.4444,0.2963,0.5116,0.4667,0.5405
0.3077,0.5,0.4762,0.4762,0.3846,0.4651,0.4762,0.4762,0.3448,0.439,0.4571,0.45
0.5185,0.5455,0.4444,0.5833,0.4444,0.6222,0.6047,0.625,0.5517,0.5366,0.5778,0.5
0.6,0.5854,0.5854,0.5909,0.625,0.619,0.6341,0.5909,0.5882,0.619,0.6047,0.65
0.4286,0.4737,0.4737,0.4324,0.3571,0.4324,0.4118,0.4,0.4848,0.5366,0.5294,0.4615
0.5185,0.6818,0.65,0.6977,0.3846,0.7317,0.6842,0.6818,0.625,0.7692,0.7179,0.75
0.5161,0.6522,0.6122,0.6087,0.5625,0.6522,0.619,0.6364,0.6857,0.5333,0.619,0.6087
0.4138,0.5,0.439,0.4762,0.3571,0.5,0.4737,0.5,0.4138,0.5,0.4878,0.5
0.3846,0.5238,0.6486,0.4878,0.3846,0.5238,0.5405,0.5238,0.5333,0.5,0.5641,0.5238
0.4706,0.5385,0.52,0.5882,0.4,0.56,0.52,0.549,0.55,0.5957,0.5217,0.5833
0.1667,0.439,0.3902,0.381,0.24,0.3556,0.4286,0.3636,0.1481,0.2927,0.359,0.3684
0.4286,0.6,0.5714,0.5641,0.3077,0.5909,0.6154,0.5455,0.5333,0.4545,0.4103,0.3902
0.3077,0.6047,0.65,0.5641,0.0952,0.6154,0.5714,0.6154,0.5455,0.5333,0.5405,0.5143
0.2609,0.4118,0.4615,0.5556,0.2727,0.5263,0.4118,0.5128,0.3846,0.3529,0.4211,0.3333
0.5333,0.4,0.5238,0.4762,0.5333,0.4286,0.4878,0.5238,0.4848,0.5778,0.55,0.6222
0.48,0.5128,0.5789,0.5,0.48,0.5128,0.5294,0.5,0.6667,0.5128,0.5263,0.5405
0.4667,0.5106,0.4348,0.5,0.4828,0.4583,0.4783,0.4681,0.4865,0.5,0.5306,0.5714
0.4444,0.6222,0.6,0.6087,0.3846,0.6047,0.619,0.6087,0.5,0.5714,0.5405,0.45
0.4138,0.4286,0.4091,0.4186,0.3571,0.4762,0.439,0.4186,0.4,0.4186,0.4103,0.4103
0.3333,0.5714,0.5366,0.5366,0.1905,0.5455,0.5641,0.5455,0.5333,0.5909,0.5581,0.5641
0.3571,0.6087,0.6522,0.625,0.4375,0.6364,0.6522,0.5957,0.5455,0.5581,0.5106,0.5909
0.24,0.4,0.4211,0.4444,0.24,0.3684,0.4118,0.3529,0.2857,0.4286,0.4103,0.3
0.4286,0.6,0.5789,0.5581,0.4828,0.6,0.5641,0.5854,0.7059,0.6222,0.6522,0.5714
0.1818,0.4651,0.3684,0.4615,0.3333,0.5,0.3784,0.439,0.2222,0.5263,0.5,0.4615
0.4,0.6364,0.6809,0.6364,0.4667,0.6364,0.6818,0.6222,0.6667,0.6512,0.6818,0.6364
0.4,0.5789,0.5909,0.5946,0.4,0.5641,0.6154,0.6154,0.4828,0.4444,0.5143,0.4375
0.4,0.6111,0.5238,0.5581,0.4,0.5946,0.5789,0.5581,0.4667,0.4615,0.6061,0.3684
0.5882,0.6383,0.5909,0.6364,0.5,0.6667,0.7143,0.6522,0.6842,0.6047,0.5283,0.6222
0.5,0.6087,0.5417,0.6122,0.5517,0.6383,0.6364,0.5957,0.6111,0.5652,0.56,0.5714
0.4138,0.7111,0.5778,0.6512,0.4516,0.6977,0.55,0.619,0.5946,0.55,0.5333,0.6364
0.32,0.4545,0.3684,0.4545,0.3077,0.4651,0.4545,0.5,0.3448,0.4,0.4242,0.375
0.2759,0.4545,0.3158,0.3721,0.2667,0.3902,0.3333,0.3478,0.375,0.3889,0.4,0.4324
0.4444,0.5581,0.5854,0.5366,0.3333,0.6,0.5405,0.5714,0.5806,0.4737,0.5581,0.5581
0.4615,0.5116,0.6316,0.6047,0.4,0.5714,0.65,0.6047,0.5185,0.619,0.5128,0.6154
0.3571,0.4103,0.4186,0.4889,0.4138,0.4286,0.4103,0.4651,0.4516,0.439,0.4444,0.5116
0.5714,0.5854,0.5854,0.5581,0.2609,0.6,0.5854,0.5909,0.5333,0.6829,0.5957,0.6154
0.4667,0.52,0.5185,0.4727,0.4,0.5306,0.5417,0.4727,0.5,0.4151,0.5,0.4314
0.1739,0.5294,0.4848,0.4375,0.25,0.4375,0.4375,0.5294,0.4138,0.3529,0.5128,0.5
0.2143,0.4783,0.3556,0.4681,0.3871,0.5333,0.5,0.4783,0.4242,0.4231,0.4286,0.4583
0.4,0.5532,0.619,0.5581,0.5185,0.5778,0.6364,0.6047,0.6667,0.5778,0.5417,0.5854
0.2609,0.4681,0.3913,0.5217,0.25,0.5128,0.4286,0.5333,0.4444,0.5128,0.3636,0.4737
0.4286,0.5652,0.5455,0.55,0.3571,0.5854,0.5641,0.5789,0.5161,0.55,0.6047,0.4324
0.3846,0.5128,0.5789,0.5128,0.2727,0.5263,0.5946,0.5128,0.5517,0.5556,0.5143,0.55
0.6,0.4545,0.5405,0.5581,0.5185,0.5714,0.5789,0.5581,0.6667,0.5238,0.6,0.4615
0.2222,0.4783,0.4444,0.3913,0.2759,0.4348,0.3636,0.4167,0.3125,0.4,0.4651,0.3902
0.4848,0.5116,0.5714,0.5581,0.4848,0.5455,0.5714,0.5455,0.4444,0.5217,0.5581,0.5333
0.2308,0.5,0.5,0.4545,0.16,0.4878,0.5263,0.5,0.3448,0.4615,0.359,0.4615
0.4444,0.6154,0.4865,0.5128,0.3846,0.6154,0.5128,0.5641,0.4286,0.4737,0.375,0.4889
0.5333,0.4878,0.4545,0.5,0.5517,0.5,0.5128,0.4615,0.5333,0.5405,0.4615,0.5714
0.087,0.6364,0.6818,0.6809,0.4667,0.6809,0.6522,0.6522,0.4286,0.5909,0.6341,0.5714
0.32,0.6087,0.4103,0.5,0.3333,0.4651,0.55,0.5778,0.5161,0.5238,0.5366,0.5366
0.4615,0.5714,0.4898,0.549,0.4,0.5217,0.5217,0.5306,0.5143,0.5882,0.5417,0.5106
0.5,0.5366,0.5366,0.5,0.5185,0.4545,0.5116,0.5217,0.4516,0.55,0.4889,0.4615
0.4167,0.4324,0.5556,0.5143,0.4167,0.4571,0.5294,0.5,0.48,0.4848,0.35,0.5294
0.2308,0.5,0.3556,0.4255,0.2308,0.5,0.4255,0.4255,0.4242,0.5116,0.439,0.4615
0.5882,0.6531,0.6667,0.625,0.5882,0.6531,0.7083,0.625,0.6154,0.5417,0.6383,0.6087
0.3704,0.4737,0.5,0.5128,0.1667,0.4737,0.5143,0.5263,0.4516,0.5366,0.5366,0.4878
0.3478,0.6667,0.6486,0.6316,0.3333,0.6316,0.6154,0.6154,0.5517,0.5128,0.55,0.5128
0.3704,0.5833,0.5854,0.56,0.25,0.5833,0.6087,0.5714,0.4118,0.5238,0.6667,0.5714
0.3077,0.4706,0.4681,0.4898,0.2759,0.4783,0.4091,0.4681,0.4706,0.4889,0.449,0.4783
0.3077,0.5789,0.381,0.5128,0.2963,0.45,0.439,0.5,0.4667,0.55,0.449,0.5641
0.25,0.4762,0.4286,0.4545,0.3333,0.5333,0.5128,0.4444,0.3704,0.4762,0.4737,0.4878
0.2857,0.4545,0.4615,0.4186,0.2308,0.4651,0.4737,0.4444,0.375,0.45,0.5455,0.5532
0.4828,0.5581,0.55,0.6364,0.4286,0.5909,0.5455,0.6522,0.5,0.5581,0.5641,0.6
0.6,0.5366,0.6667,0.5366,0.6,0.5641,0.6316,0.5366,0.5806,0.5263,0.6047,0.5532
0.24,0.4762,0.439,0.5238,0.24,0.4615,0.4762,0.4737,0.4516,0.4615,0.55,0.5366
0.4828,0.5909,0.6047,0.5652,0.5185,0.6222,0.619,0.6087,0.5625,0.5217,0.5238,0.5333
0.5455,0.5714,0.5581,0.5909,0.4286,0.5778,0.6047,0.5778,0.5455,0.6,0.5909,0.5333
0.4286,0.439,0.4,0.4545,0.3704,0.439,0.3721,0.4545,0.4516,0.5263,0.4737,0.4865
0.5517,0.6222,0.5417,0.6222,0.4286,0.6512,0.6809,0.6087,0.5625,0.6364,0.6047,0.6809
0.3571,0.4,0.3636,0.359,0.3448,0.3415,0.4103,0.3415,0.4242,0.4865,0.3684,0.439
0.4667,0.6512,0.6512,0.6087,0.4667,0.6512,0.6222,0.6222,0.6111,0.6667,0.5909,0.5652
0.32,0.4,0.4231,0.4681,0.3077,0.4681,0.4,0.4255,0.3846,0.3922,0.4,0.4255
0.24,0.4103,0.5143,0.5,0.24,0.4186,0.5714,0.4762,0.3571,0.4324,0.4444,0.4444
0.2857,0.6667,0.5405,0.6061,0.1053,0.6667,0.6061,0.7059,0.5517,0.6857,0.5806,0.4828
0.3704,0.5217,0.4762,0.4783,0.3846,0.4889,0.5116,0.4889,0.3571,0.55,0.5556,0.5532
0.5517,0.5946,0.6,0.6286,0.5,0.6061,0.5946,0.5946,0.6,0.5946,0.6316,0.6486
0.2308,0.4255,0.4545,0.4889,0.24,0.4348,0.4286,0.4889,0.3448,0.4545,0.4615,0.5652
0.5789,0.6341,0.5909,0.5581,0.5294,0.5909,0.619,0.5909,0.5789,0.5714,0.5581,0.5854
0.25,0.3556,0.3404,0.4889,0.24,0.4444,0.4545,0.4348,0.25,0.4737,0.5128,0.4762
0.4444,0.439,0.4737,0.5455,0.25,0.4878,0.5128,0.5455,0.4444,0.45,0.4444,0.4186
0.3571,0.4242,0.4103,0.45,0.2963,0.4324,0.3636,0.4324,0.3571,0.4103,0.439,0.3902
0.56,0.6222,0.5909,0.6667,0.5,0.6047,0.6341,0.65,0.7059,0.6829,0.6341,0.5778
0.2308,0.5714,0.5789,0.5116,0.1739,0.6364,0.6,0.5238,0.4516,0.4889,0.4762,0.5116
0.5714,0.6383,0.6809,0.6,0.5185,0.6,0.6667,0.6122,0.5625,0.5833,0.6531,0.6087
0.4516,0.549,0.5778,0.5098,0.3704,0.56,0.5909,0.5417,0.5405,0.5098,0.5116,0.549
0.2609,0.4737,0.4324,0.4103,0.25,0.3429,0.3529,0.4103,0.3333,0.3784,0.3636,0.3429
0.4286,0.5714,0.5789,0.5238,0.4286,0.5366,0.55,0.5581,0.5,0.5128,0.5556,0.5854
0.3077,0.4444,0.4681,0.383,0.2308,0.4444,0.4783,0.4545,0.3226,0.4545,0.4,0.45
0.3846,0.7619,0.7143,0.7619,0.3846,0.7442,0.7778,0.7619,0.6,0.6222,0.7179,0.6222
0.5333,0.5306,0.5532,0.5306,0.4828,0.5217,0.5532,0.5532,0.5294,0.5333,0.5532,0.5778
0.25,0.5366,0.439,0.4118,0.3333,0.4865,0.5238,0.4242,0.5,0.4706,0.4324,0.3158
0.2727,0.5366,0.4,0.5,0.3478,0.5,0.4286,0.4878,0.3448,0.5366,0.5,0.6341
0.4667,0.5641,0.5405,0.6047,0.5,0.5641,0.55,0.5714,0.5,0.5366,0.6154,0.5714
0.4138,0.5714,0.5714,0.6222,0.4286,0.65,0.6154,0.6047,0.4848,0.6,0.65,0.6667
0.3077,0.5,0.3902,0.5238,0.32,0.4615,0.45,0.5366,0.2308,0.5128,0.5405,0.5854
0.4516,0.6383,0.5833,0.5778,0.4516,0.6222,0.5581,0.6222,0.5455,0.4103,0.56,0.5116
0.48,0.6154,0.6154,0.5714,0.48,0.5854,0.55,0.5366,0.5333,0.6,0.4444,0.5641
0.4286,0.55,0.5909,0.5238,0.3846,0.5714,0.45,0.5238,0.5625,0.5116,0.5238,0.4762
0.4828,0.5778,0.5854,0.5854,0.3704,0.6,0.5714,0.5714,0.5882,0.4865,0.4878,0.4865
0.3571,0.4348,0.4783,0.4444,0.2963,0.4444,0.4651,0.4348,0.4571,0.3684,0.45,0.381
0.3704,0.4762,0.4,0.439,0.3704,0.5263,0.4615,0.4878,0.4375,0.381,0.381,0.3684
0.2609,0.45,0.4286,0.55,0.25,0.5,0.4737,0.5263,0.4828,0.4211,0.3256,0.4211
0.3846,0.5417,0.5909,0.5714,0.4444,0.6512,0.6047,0.5778,0.6061,0.5909,0.5957,0.5714
0.5333,0.6939,0.6818,0.6087,0.4286,0.6,0.6341,0.5455,0.5882,0.6667,0.6829,0.6512
0.5185,0.5652,0.5652,0.5778,0.48,0.5333,0.6222,0.5909,0.5455,0.4889,0.5217,0.5106
0.4444,0.5366,0.5333,0.5714,0.3333,0.5581,0.5714,0.5854,0.4444,0.55,0.5714,0.6341
0.5185,0.5581,0.5238,0.5,0.4167,0.4737,0.4186,0.5238,0.5,0.5366,0.4651,0.5366
0.3125,0.4706,0.52,0.5417,0.3125,0.5714,0.5306,0.5417,0.5366,0.4898,0.6122,0.44
0.1481,0.3,0.2857,0.3556,0.1481,0.35,0.3,0.3556,0.3871,0.3721,0.359,0.4
0.32,0.5909,0.5263,0.6364,0.32,0.619,0.5333,0.6512,0.5517,0.5128,0.5455,0.5263
0.4,0.5641,0.55,0.5714,0.3448,0.5641,0.5,0.5641,0.5294,0.6154,0.4737,0.5366
0.3704,0.4783,0.45,0.439,0.32,0.4783,0.4615,0.4091,0.5,0.45,0.5128,0.4762
0.32,0.6957,0.6818,0.6957,0.1739,0.7111,0.6667,0.7111,0.5455,0.6809,0.6667,0.7143
0.4348,0.5789,0.6111,0.5714,0.48,0.6111,0.6286,0.5238,0.4828,0.5,0.5143,0.5366
0.3846,0.5385,0.5909,0.5385,0.4,0.5385,0.5385,0.56,0.5556,0.5306,0.4583,0.56
0.1538,0.5854,0.6047,0.5116,0.1481,0.5128,0.5714,0.5854,0.3636,0.4444,0.4878,0.4737
0.1667,0.5333,0.5854,0.4889,0.3704,0.5581,0.55,0.5,0.3871,0.5778,0.4211,0.5532
0.5714,0.5778,0.5778,0.6122,0.5882,0.6818,0.6364,0.6087,0.5946,0.6512,0.6667,0.5652
0.4138,0.4889,0.5238,0.5,0.4138,0.5,0.5641,0.5,0.5161,0.4783,0.4889,0.5
0.5,0.4255,0.4,0.4545,0.5,0.4444,0.4091,0.4651,0.5714,0.4545,0.4286,0.4889
0.4615,0.4737,0.4444,0.4865,0.48,0.4865,0.4211,0.4571,0.4667,0.5128,0.4571,0.4737
0.5185,0.5581,0.5556,0.6047,0.4615,0.6047,0.5641,0.5789,0.5517,0.5778,0.6286,0.6
0.1818,0.5128,0.4615,0.5714,0.1818,0.5263,0.4571,0.5789,0.4828,0.3784,0.4737,0.4118
0.5,0.6667,0.619,0.619,0.4444,0.65,0.6316,0.619,0.6857,0.6667,0.619,0.5909
0.2581,0.4186,0.4783,0.4348,0.3125,0.3902,0.4545,0.4,0.25,0.4444,0.4583,0.4583
0.4444,0.6,0.6,0.55,0.4444,0.5641,0.5556,0.5641,0.5556,0.5128,0.5128,0.55
0.5517,0.566,0.5417,0.5,0.5517,0.4762,0.4651,0.4706,0.5625,0.5283,0.5789,0.5641
0.32,0.5366,0.5128,0.5854,0.4,0.5238,0.5128,0.5366,0.4848,0.4615,0.5714,0.5641
0.4615,0.5854,0.6667,0.5714,0.4444,0.6341,0.6154,0.6047,0.5,0.6667,0.6667,0.6154
0.3571,0.4091,0.3721,0.4681,0.3333,0.4091,0.4211,0.4681,0.5,0.3913,0.381,0.4348
0.5,0.6522,0.5652,0.5714,0.5517,0.5909,0.6667,0.5854,0.6875,0.7179,0.5854,0.4878
0.4138,0.5909,0.5366,0.6222,0.4138,0.6512,0.5366,0.6222,0.5143,0.6087,0.6047,0.6047
0.4167,0.6316,0.5455,0.6316,0.2727,0.6486,0.6857,0.6154,0.5,0.5946,0.5455,0.5556
0.4286,0.5217,0.5,0.4762,0.25,0.5581,0.5116,0.4878,0.4242,0.4211,0.5366,0.5
0.4706,0.5,0.5116,0.4889,0.4118,0.5217,0.5333,0.4783,0.4571,0.48,0.52,0.5098
0.4615,0.55,0.5,0.5263,0.4167,0.5,0.5128,0.5263,0.625,0.5946,0.5854,0.5405
0.4138,0.4889,0.5641,0.5333,0.4138,0.5106,0.55,0.5652,0.4848,0.5455,0.5581,0.5909
0.2609,0.6047,0.7,0.6818,0.1818,0.6667,0.6829,0.6818,0.6111,0.5641,0.55,0.6512
0.2308,0.5333,0.5532,0.4681,0.2308,0.5854,0.5581,0.5116,0.3871,0.5128,0.4706,0.5
0.5,0.6122,0.4898,0.6122,0.5185,0.5957,0.5714,0.625,0.7059,0.5366,0.4651,0.5641
0.4167,0.4,0.5,0.4737,0.3333,0.5,0.5,0.5128,0.5,0.5,0.3529,0.4211
0.4138,0.4737,0.4737,0.5,0.4286,0.4865,0.4737,0.4615,0.4516,0.5143,0.5263,0.3784
0.0952,0.3333,0.4375,0.4651,0.0952,0.4103,0.4324,0.4762,0.4286,0.4103,0.3636,0.4324
0.4828,0.6667,0.6512,0.6383,0.5,0.6364,0.6364,0.6087,0.5625,0.5238,0.6087,0.5333
0.25,0.4651,0.4878,0.5641,0.25,0.5263,0.4865,0.5263,0.3571,0.5,0.4103,0.4762
0.4828,0.6047,0.5238,0.5833,0.5333,0.6087,0.4898,0.5581,0.5714,0.5,0.4615,0.4783
0.3077,0.6154,0.6316,0.6154,0.3077,0.6486,0.5556,0.6316,0.4667,0.5556,0.6486,0.5405
0.3448,0.4255,0.439,0.4348,0.2963,0.4444,0.45,0.4348,0.4706,0.375,0.3721,0.35
0.4667,0.5714,0.5,0.4762,0.5161,0.5116,0.5128,0.4878,0.5405,0.5238,0.3784,0.4878
0.4138,0.5333,0.5128,0.5455,0.4286,0.6222,0.6341,0.5778,0.5714,0.5652,0.6154,0.6341
0.4828,0.4783,0.48,0.5833,0.4286,0.5217,0.5217,0.5833,0.5625,0.6038,0.5306,0.6383
0.5185,0.6667,0.5641,0.5641,0.4615,0.5263,0.5405,0.5366,0.4615,0.5789,0.6111,0.5405
0.2727,0.4211,0.3529,0.3429,0.2609,0.3333,0.4324,0.2941,0.2609,0.3529,0.5556,0.4615
0.4615,0.6275,0.566,0.5957,0.5185,0.6383,0.5714,0.5833,0.7778,0.6667,0.6047,0.549
0.2857,0.4444,0.4348,0.4583,0.2222,0.4651,0.4545,0.4889,0.2857,0.45,0.5238,0.4878
0.5,0.625,0.6,0.6122,0.4444,0.6383,0.6522,0.6122,0.5714,0.6364,0.5909,0.5455
0.4828,0.5098,0.5455,0.5532,0.4,0.5217,0.5581,0.5532,0.4848,0.5581,0.5854,0.5405
0.4,0.5,0.55,0.5128,0.4,0.5128,0.6316,0.5,0.5455,0.5455,0.5366,0.4737
0.3333,0.4615,0.4286,0.4783,0.3448,0.5455,0.4186,0.4545,0.4375,0.4,0.45,0.35
0.7333,0.6667,0.6829,0.619,0.6897,0.6667,0.6842,0.6341,0.7059,0.6829,0.6364,0.619
0.4286,0.6316,0.5789,0.5714,0.3846,0.5854,0.5789,0.55,0.4828,0.6667,0.5946,0.619
0.1818,0.5161,0.3429,0.5143,0.0952,0.4848,0.4571,0.5143,0.4444,0.5,0.375,0.4375
0.4375,0.5,0.4651,0.4783,0.4516,0.4651,0.4878,0.4889,0.4571,0.4444,0.4348,0.45
0.1739,0.5909,0.5333,0.55,0.25,0.4878,0.5238,0.4878,0.4138,0.5366,0.4889,0.5238
0.4286,0.6087,0.6047,0.6522,0.4828,0.625,0.5652,0.6222,0.4516,0.5769,0.6667,0.6383
0.5625,0.4643,0.52,0.52,0.4138,0.5417,0.52,0.5532,0.6111,0.4151,0.4615,0.5106
0.2727,0.4118,0.3226,0.3125,0.2727,0.4242,0.3226,0.3636,0.3704,0.3889,0.4,0.4242
0.4,0.4889,0.4878,0.4583,0.4138,0.4681,0.4681,0.4889,0.4571,0.4444,0.3462,0.4783
0.2727,0.7,0.7556,0.6957,0.2727,0.6809,0.7727,0.7273,0.5385,0.7111,0.6957,0.6383
0.4138,0.5,0.4878,0.4444,0.3704,0.5854,0.4103,0.5238,0.5882,0.4324,0.4242,0.55
0.4444,0.4571,0.5714,0.5789,0.4444,0.5,0.6061,0.5946,0.4286,0.5143,0.5294,0.4865
0.32,0.3784,0.381,0.4444,0.25,0.3889,0.4737,0.4444,0.4286,0.4706,0.3529,0.4103
0.4286,0.619,0.6047,0.6047,0.3704,0.5641,0.5641,0.6667,0.5714,0.6667,0.5641,0.5714
0.4,0.5217,0.5581,0.5217,0.3333,0.5333,0.5,0.5217,0.4375,0.5106,0.4091,0.5116
0.48,0.5128,0.5,0.5,0.4828,0.5556,0.5128,0.5263,0.4615,0.4571,0.4444,0.4444
0.4516,0.5,0.4783,0.5652,0.4242,0.52,0.5,0.5306,0.4848,0.5,0.4889,0.4583
0.3333,0.5946,0.6061,0.4444,0.2609,0.5789,0.5455,0.4444,0.6,0.5405,0.5455,0.5
0.4615,0.6818,0.6667,0.6809,0.2727,0.6977,0.65,0.6667,0.5714,0.7273,0.6,0.619
0.4,0.5366,0.6829,0.55,0.3333,0.5641,0.5946,0.5366,0.4828,0.5,0.6316,0.5
0.3571,0.5263,0.5,0.5714,0.3571,0.5263,0.5366,0.5128,0.4516,0.6,0.5581,0.4737
0.4667,0.4889,0.4898,0.5217,0.4138,0.5,0.4444,0.5333,0.4242,0.5116,0.5,0.5333
0.3077,0.4889,0.5217,0.5106,0.3077,0.5217,0.5,0.5333,0.4667,0.4651,0.4878,0.4878
0.5455,0.4906,0.4906,0.52,0.5161,0.52,0.5217,0.4898,0.5789,0.5217,0.5532,0.5
0.2963,0.619,0.5641,0.55,0.3077,0.5641,0.5405,0.5366,0.4516,0.5116,0.5238,0.4865
0.1739,0.4118,0.3784,0.2941,0.1739,0.375,0.3429,0.3529,0.2963,0.4444,0.2424,0.2353
0.4706,0.5,0.5116,0.5106,0.4,0.5,0.5,0.5417,0.4571,0.5,0.4889,0.5106
0.6,0.6512,0.7179,0.6818,0.6,0.6667,0.6364,0.6512,0.6486,0.6222,0.5581,0.6087
0.3846,0.6111,0.6667,0.5641,0.3846,0.6667,0.6842,0.5641,0.4828,0.6286,0.6471,0.5294
0.4667,0.7826,0.6364,0.6667,0.4667,0.7111,0.6667,0.6512,0.6842,0.5652,0.6809,0.6538
0.3704,0.35,0.3784,0.3684,0.3448,0.3415,0.3684,0.3684,0.3636,0.4,0.35,0.3684
0.25,0.4783,0.4889,0.5238,0.24,0.5333,0.5455,0.5581,0.2857,0.5217,0.4878,0.4
0.4,0.4737,0.5556,0.6,0.4,0.6047,0.5556,0.6,0.5185,0.5128,0.5,0.5128
0.3077,0.4286,0.4,0.4091,0.24,0.439,0.359,0.4286,0.4286,0.4762,0.4878,0.5366
0.5517,0.5306,0.5714,0.549,0.3704,0.5833,0.5652,0.5385,0.6842,0.5882,0.5714,0.5882
0.3846,0.6047,0.5714,0.619,0.3846,0.5854,0.5405,0.6667,0.6,0.5581,0.5714,0.5116
0.5185,0.5143,0.4865,0.5263,0.4,0.5263,0.4324,0.5128,0.6,0.45,0.4571,0.4865
0.2143,0.45,0.3265,0.4545,0.1538,0.3684,0.3902,0.3902,0.303,0.359,0.439,0.4091
0.4375,0.5652,0.5714,0.5417,0.375,0.6341,0.5652,0.5306,0.5946,0.5833,0.5455,0.5909
0.3704,0.45,0.4651,0.4889,0.4286,0.4651,0.4878,0.5238,0.5,0.55,0.4762,0.5366
0.4138,0.56,0.56,0.52,0.4,0.5714,0.5,0.5306,0.5625,0.5106,0.4545,0.5854
0.4167,0.6364,0.6364,0.6087,0.3478,0.6667,0.6341,0.6087,0.5625,0.65,0.6341,0.6364
0.1739,0.7,0.6,0.6667,0.1739,0.6842,0.6316,0.6667,0.3077,0.5854,0.5714,0.6667
0.4444,0.4737,0.4865,0.4737,0.3846,0.4865,0.4865,0.4737,0.4286,0.5405,0.4762,0.55
0.4615,0.5778,0.5,0.5778,0.2609,0.5455,0.5714,0.5333,0.5161,0.4681,0.5641,0.5455
0.5,0.5306,0.619,0.5778,0.4615,0.5909,0.5778,0.5652,0.6111,0.5652,0.5714,0.5778
0.4286,0.5581,0.4186,0.5366,0.4286,0.5854,0.5366,0.5455,0.3871,0.4651,0.5789,0.5366
0.4848,0.6047,0.5,0.5714,0.4706,0.5714,0.5641,0.5366,0.5714,0.619,0.5778,0.5909
0.1818,0.4615,0.4737,0.3684,0.1818,0.4286,0.3684,0.3684,0.1935,0.359,0.35,0.45
0.32,0.4,0.3721,0.3721,0.3333,0.4091,0.3784,0.3913,0.4375,0.4286,0.3077,0.381
0.4286,0.55,0.5581,0.4889,0.4444,0.5,0.5366,0.5238,0.5625,0.5238,0.4186,0.5
0.3077,0.4324,0.439,0.4878,0.3571,0.4865,0.4737,0.4615,0.4138,0.4444,0.45,0.439
0.5,0.5789,0.5455,0.4783,0.4444,0.4651,0.5714,0.4762,0.5882,0.5641,0.5714,0.5263
0.4286,0.5714,0.65,0.5909,0.2609,0.6,0.6,0.6047,0.5625,0.4878,0.5455,0.5581
0.4828,0.6667,0.6364,0.6667,0.4138,0.6667,0.6667,0.6522,0.4667,0.4889,0.6957,0.6222
0.3448,0.4762,0.4878,0.5238,0.3571,0.5455,0.5,0.5455,0.5,0.5238,0.4444,0.4444
0.48,0.4545,0.5116,0.5128,0.4167,0.5366,0.55,0.5263,0.5,0.5217,0.5714,0.5306
0.4138,0.5714,0.5556,0.5532,0.4138,0.5714,0.55,0.5581,0.5161,0.5128,0.5556,0.4706
0.3846,0.5366,0.4878,0.4889,0.4167,0.5,0.4615,0.5,0.4242,0.4737,0.5263,0.5238
0.6207,0.5581,0.5581,0.5238,0.5926,0.6364,0.5854,0.5116,0.7097,0.5652,0.6047,0.55
0.3704,0.45,0.4865,0.4211,0.24,0.4211,0.4865,0.4211,0.3448,0.3243,0.4444,0.45
0.2759,0.5306,0.4783,0.4783,0.3333,0.4783,0.4889,0.4348,0.4571,0.4545,0.5366,0.5217
0.2759,0.3333,0.4082,0.4286,0.1538,0.45,0.35,0.4,0.3226,0.2564,0.4103,0.4651
0.4,0.7234,0.6341,0.7347,0.4,0.7391,0.7143,0.7234,0.4848,0.8372,0.7619,0.5806
0.4,0.7,0.6047,0.7,0.4167,0.7179,0.55,0.7,0.6452,0.6667,0.7222,0.6667
0.4444,0.6486,0.6341,0.6316,0.4444,0.6286,0.6154,0.6316,0.4828,0.7568,0.6341,0.6
0.3478,0.5789,0.5714,0.5581,0.4167,0.5581,0.6087,0.5714,0.4615,0.6512,0.6087,0.6
0.3077,0.439,0.4444,0.4,0.24,0.3684,0.4211,0.4211,0.4138,0.3902,0.4571,0.3889
0.32,0.439,0.3256,0.4091,0.3846,0.4545,0.3415,0.3913,0.4375,0.381,0.4324,0.3415
0.4,0.6829,0.6667,0.7143,0.2727,0.65,0.6316,0.7273,0.5185,0.6154,0.5714,0.55
0.4138,0.4091,0.439,0.4545,0.3448,0.4091,0.4878,0.4,0.4,0.4211,0.381,0.4091
0.3846,0.5909,0.5366,0.5778,0.3846,0.5455,0.5238,0.5333,0.4848,0.4348,0.5106,0.5581
0.3704,0.45,0.4762,0.439,0.3077,0.45,0.4615,0.5263,0.4828,0.3784,0.5,0.4571
0.4706,0.6047,0.5455,0.6047,0.4242,0.625,0.5532,0.6667,0.5405,0.4545,0.4865,0.5263
0.5333,0.56,0.6512,0.5333,0.4828,0.5778,0.6829,0.5455,0.5455,0.5116,0.6512,0.5854
0.5806,0.7273,0.6047,0.7111,0.5806,0.7111,0.65,0.7111,0.6061,0.68,0.6809,0.6977
0.3448,0.4828,0.4528,0.5714,0.2143,0.5652,0.4091,0.5833,0.4516,0.5106,0.48,0.5217
0.5517,0.4898,0.5417,0.5306,0.4615,0.5854,0.5909,0.5106,0.5455,0.4583,0.4906,0.5106
0.3704,0.5283,0.5116,0.5098,0.3704,0.4681,0.5116,0.4898,0.5128,0.4255,0.5,0.4
0.2308,0.4615,0.4211,0.4103,0.2308,0.4103,0.439,0.4103,0.3448,0.4545,0.3158,0.3243
0.24,0.439,0.4545,0.4865,0.1739,0.4737,0.4762,0.4211,0.2963,0.4898,0.4348,0.45
0.4286,0.35,0.3784,0.3902,0.3704,0.3077,0.3889,0.381,0.4286,0.3158,0.359,0.3158
0.4,0.8108,0.7222,0.7895,0.3333,0.7895,0.7429,0.7895,0.6207,0.6667,0.7222,0.6667
0.4615,0.5263,0.5946,0.6111,0.4,0.6111,0.6111,0.5882,0.6207,0.6111,0.5294,0.5641
0.5333,0.5333,0.5306,0.5455,0.5333,0.5116,0.5714,0.5909,0.5161,0.4762,0.5116,0.4878
0.1818,0.4324,0.4706,0.4615,0.3333,0.4865,0.4848,0.4737,0.5185,0.5946,0.4848,0.5294
0.2222,0.4762,0.3889,0.5,0.16,0.5,0.4324,0.5128,0.3125,0.4211,0.4878,0.3889
0.1818,0.5641,0.6286,0.4865,0.25,0.5263,0.5405,0.5263,0.4286,0.4737,0.4444,0.5
0.4,0.4706,0.6,0.52,0.3871,0.5106,0.6383,0.5,0.5455,0.5,0.5185,0.5217
0.5517,0.6316,0.5128,0.5854,0.4828,0.6316,0.5641,0.65,0.6,0.619,0.5405,0.5641
0.5,0.5957,0.5106,0.5714,0.4571,0.5714,0.5417,0.5714,0.5366,0.549,0.4348,0.5882
0.32,0.4348,0.4651,0.4651,0.4138,0.4444,0.4651,0.4651,0.5161,0.5106,0.4091,0.4545
0.56,0.619,0.5143,0.5778,0.3636,0.6,0.55,0.5778,0.6897,0.5238,0.5294,0.5714
0.4828,0.6222,0.5,0.5833,0.4444,0.5778,0.5652,0.5833,0.5294,0.5417,0.5455,0.5
0.4,0.55,0.5,0.5,0.3846,0.5128,0.5263,0.5263,0.4848,0.439,0.4103,0.45
0.25,0.4651,0.4,0.4615,0.1739,0.4286,0.3684,0.5128,0.2759,0.3721,0.4762,0.4255
0.4516,0.5652,0.5652,0.5714,0.3333,0.5098,0.5652,0.5385,0.5556,0.4898,0.4706,0.5106
0.3333,0.55,0.5854,0.5641,0.4615,0.5789,0.5263,0.5789,0.4138,0.4889,0.5714,0.5217
0.2857,0.5366,0.4878,0.4783,0.2963,0.4889,0.5,0.5116,0.3871,0.4186,0.45,0.439
0.4828,0.5714,0.5128,0.5581,0.3704,0.5854,0.5,0.5714,0.4516,0.5909,0.4762,0.5714
0.4444,0.5714,0.6154,0.5854,0.3846,0.5366,0.5714,0.5854,0.5455,0.5652,0.6111,0.5909
0.3704,0.5333,0.45,0.4545,0.3871,0.5,0.5,0.4651,0.5625,0.5652,0.4889,0.5
0.3571,0.6047,0.5106,0.6341,0.3571,0.6047,0.65,0.6341,0.5714,0.4651,0.4762,0.5
0.5517,0.6486,0.5714,0.5854,0.5333,0.6286,0.5556,0.6,0.5625,0.6111,0.5556,0.5641
0.3333,0.5957,0.5714,0.5106,0.4828,0.5854,0.6,0.4889,0.5161,0.4762,0.6154,0.5263
0.4444,0.6383,0.5909,0.5882,0.48,0.5532,0.5909,0.5532,0.5556,0.6512,0.6977,0.5909
0.3571,0.4762,0.5366,0.5263,0.3846,0.5854,0.5263,0.55,0.4667,0.4762,0.3871,0.5217
0.3846,0.5405,0.5556,0.5714,0.3846,0.5405,0.5455,0.6286,0.4444,0.4878,0.5263,0.4706
0.3704,0.7273,0.6667,0.6818,0.3077,0.7143,0.6667,0.6667,0.5455,0.6222,0.6364,0.7143
0.4,0.48,0.4286,0.4286,0.4,0.4091,0.4737,0.4545,0.4118,0.4167,0.3158,0.4444
0.2857,0.56,0.549,0.5455,0.2963,0.5217,0.5652,0.5455,0.4242,0.4545,0.4762,0.4762
0.3333,0.6154,0.6512,0.5909,0.3333,0.6341,0.6512,0.5714,0.5185,0.6316,0.5306,0.5714
0.4615,0.6,0.6667,0.6047,0.4444,0.65,0.6154,0.5909,0.625,0.5714,0.5455,0.5641
0.3571,0.5366,0.5,0.4211,0.3571,0.4615,0.4444,0.4103,0.5143,0.5,0.4783,0.4737
0.5185,0.4889,0.4878,0.5532,0.5385,0.5,0.4889,0.5217,0.5455,0.5532,0.4103,0.5116
0.3448,0.5,0.5778,0.5652,0.32,0.5778,0.5778,0.5217,0.5143,0.6364,0.5854,0.5
0.25,0.55,0.5714,0.5128,0.25,0.5789,0.5789,0.5128,0.3704,0.6154,0.5143,0.5789
0.4706,0.5283,0.5106,0.4583,0.4848,0.48,0.4889,0.5106,0.5,0.5,0.4583,0.5306
0.3704,0.4651,0.5263,0.4762,0.3846,0.5,0.5263,0.4762,0.4667,0.5,0.4615,0.5
0.4667,0.5217,0.5854,0.5455,0.4667,0.5581,0.5714,0.5333,0.5455,0.55,0.5789,0.619
0.4667,0.625,0.6341,0.6829,0.5161,0.6512,0.619,0.7143,0.5882,0.5909,0.5417,0.6364
0.3571,0.5,0.4348,0.4889,0.2308,0.4889,0.4651,0.4889,0.4242,0.55,0.5263,0.5581
0.24,0.4324,0.4,0.4211,0.1667,0.4444,0.4,0.4211,0.3448,0.4211,0.3889,0.3684
0.5385,0.6222,0.5854,0.5909,0.48,0.6512,0.5854,0.5909,0.5714,0.5405,0.6316,0.5405
0.1739,0.5405,0.5909,0.5116,0.3077,0.5714,0.6,0.5333,0.5,0.439,0.5238,0.4583
0.3333,0.5128,0.5143,0.5789,0.2609,0.6486,0.5405,0.55,0.3846,0.5263,0.4444,0.5946
0.4,0.6154,0.4865,0.5714,0.48,0.5405,0.5714,0.55,0.5333,0.5641,0.4865,0.55
0.4444,0.5714,0.55,0.5,0.4444,0.5714,0.5,0.5455,0.5625,0.5581,0.6341,0.5714
0.3571,0.5714,0.5641,0.5128,0.3571,0.55,0.5641,0.5128,0.4138,0.5946,0.5405,0.5128
0.375,0.48,0.48,0.5098,0.3529,0.449,0.4082,0.4815,0.4444,0.4727,0.4783,0.4906
0.4,0.45,0.4737,0.4878,0.3333,0.5,0.5366,0.5,0.4138,0.5128,0.5333,0.5581
0.25,0.5116,0.5263,0.5714,0.25,0.5116,0.5,0.5366,0.3571,0.4571,0.4615,0.2609
0.1667,0.45,0.5366,0.55,0.1667,0.4737,0.5789,0.5366,0.3704,0.4737,0.4,0.5217
0.5,0.5652,0.5854,0.4889,0.5,0.5333,0.5128,0.5,0.6154,0.5778,0.5455,0.5333
0.6875,0.6522,0.6531,0.6667,0.5385,0.6667,0.6667,0.6522,0.6857,0.7273,0.7143,0.6522
0.3226,0.4444,0.5,0.4783,0.2667,0.4545,0.4615,0.4444,0.4571,0.4783,0.5,0.4348
0.5625,0.6047,0.6667,0.6667,0.3846,0.6667,0.6667,0.6667,0.6286,0.6667,0.6364,0.6512
0.5517,0.6222,0.5455,0.6087,0.5517,0.6222,0.5366,0.6087,0.5882,0.5532,0.5714,0.5417
0.3478,0.6522,0.5581,0.625,0.4167,0.64,0.6047,0.625,0.5714,0.5854,0.5366,0.5366
0.1818,0.4651,0.5,0.5128,0.0952,0.4762,0.4737,0.5263,0.3704,0.3784,0.5,0.2759
0.4,0.3902,0.4762,0.4,0.2963,0.4211,0.4615,0.3684,0.375,0.4211,0.4,0.3077
0.4516,0.4889,0.44,0.5098,0.3333,0.4255,0.4091,0.4583,0.5143,0.4231,0.4314,0.4348
0.1739,0.6,0.5641,0.5854,0.0909,0.5854,0.5128,0.5854,0.1739,0.5263,0.439,0.4324
0.5,0.6,0.6,0.6,0.5,0.5854,0.6486,0.6,0.5625,0.5714,0.619,0.6111
0.4615,0.5366,0.5789,0.4286,0.5185,0.5128,0.5,0.439,0.5714,0.4651,0.4762,0.4651
0.4444,0.4375,0.4375,0.4375,0.4444,0.5,0.4848,0.4242,0.4828,0.4737,0.4706,0.4103
0.32,0.4727,0.4783,0.4231,0.3077,0.4615,0.4,0.4314,0.4444,0.4583,0.4737,0.3721
0.5185,0.6222,0.6,0.5957,0.4615,0.5455,0.6154,0.5652,0.5714,0.5652,0.5238,0.6087
0.2667,0.3243,0.3333,0.3784,0.2667,0.45,0.3684,0.4,0.3125,0.3077,0.3,0.4103
0.3333,0.6341,0.5455,0.5833,0.3333,0.6667,0.5455,0.6667,0.5185,0.5652,0.4681,0.5532
0.3333,0.549,0.4898,0.549,0.3448,0.5833,0.5417,0.549,0.5405,0.5833,0.5778,0.5333
0.5333,0.5652,0.55,0.5652,0.5333,0.5714,0.5714,0.5778,0.5625,0.619,0.5455,0.5581
0.4167,0.5641,0.6047,0.6512,0.3846,0.6,0.6,0.6,0.5714,0.5946,0.5366,0.5128
0.5161,0.6154,0.5641,0.5714,0.4667,0.5789,0.5789,0.5641,0.5455,0.5143,0.6,0.6486
0.3333,0.6,0.5641,0.6,0.3333,0.65,0.5854,0.6341,0.4138,0.6341,0.4571,0.5789
0.5333,0.6957,0.6818,0.6809,0.5517,0.6957,0.7273,0.7273,0.6061,0.6364,0.6667,0.6522
0.3704,0.5789,0.5,0.619,0.3077,0.55,0.5405,0.55,0.4848,0.5,0.4615,0.4865
0.4828,0.6667,0.619,0.5833,0.3846,0.6047,0.6512,0.5652,0.5455,0.619,0.65,0.55
0.2308,0.5455,0.4878,0.5833,0.1667,0.5581,0.4737,0.5455,0.2963,0.4651,0.3721,0.439
0.5806,0.4255,0.4783,0.4348,0.5517,0.383,0.439,0.3913,0.5625,0.5854,0.5556,0.5366
0.4,0.5116,0.4324,0.5116,0.2727,0.5641,0.5238,0.5,0.3448,0.4762,0.5,0.5641
0.3704,0.4737,0.5556,0.5,0.3704,0.5405,0.5556,0.5,0.4,0.5143,0.4444,0.4865
0.3077,0.439,0.439,0.439,0.3704,0.4545,0.439,0.439,0.3448,0.4,0.4186,0.3529
0.2759,0.3902,0.4103,0.4186,0.2857,0.5116,0.4444,0.439,0.4,0.3902,0.4091,0.4545
0.3333,0.5909,0.7027,0.5778,0.3478,0.6341,0.6829,0.5366,0.5806,0.5532,0.5238,0.5455
0.3846,0.55,0.5789,0.5263,0.32,0.55,0.5641,0.55,0.5,0.4865,0.5405,0.4865
0.2963,0.4186,0.3256,0.4444,0.3077,0.4091,0.359,0.4444,0.3871,0.4545,0.4444,0.4286
0.4375,0.4783,0.5238,0.4898,0.4706,0.5,0.5116,0.5,0.5143,0.4348,0.4762,0.449
0.5,0.5116,0.5238,0.5652,0.4286,0.4898,0.5238,0.5106,0.6061,0.5714,0.5128,0.5
0.4516,0.55,0.5909,0.6512,0.4138,0.5714,0.5581,0.619,0.5882,0.6111,0.5778,0.5238
0.4167,0.7027,0.625,0.65,0.4167,0.6842,0.6471,0.65,0.5714,0.7027,0.5556,0.6
0.4828,0.4815,0.4643,0.52,0.3704,0.5306,0.4615,0.5098,0.5143,0.5116,0.5333,0.5116
0.4,0.5263,0.5,0.4211,0.3478,0.5263,0.4865,0.4615,0.4,0.4444,0.4848,0.5
0.4138,0.55,0.6341,0.5,0.4138,0.55,0.6,0.5366,0.4848,0.5,0.5263,0.45
0.5161,0.5714,0.5909,0.5366,0.4667,0.5641,0.5581,0.5641,0.4848,0.65,0.5581,0.5405
0.3571,0.52,0.5957,0.4583,0.2963,0.5417,0.6364,0.4783,0.5882,0.5778,0.5581,0.439
0.4444,0.5532,0.5778,0.5957,0.4615,0.5833,0.5455,0.5833,0.5455,0.6222,0.5909,0.6087
0.4,0.4348,0.4348,0.4783,0.3704,0.4348,0.4286,0.4889,0.4138,0.4286,0.5714,0.5652
0.2308,0.5217,0.4762,0.5,0.2759,0.4898,0.5,0.5,0.3636,0.5,0.5532,0.5
0.25,0.5789,0.4444,0.4865,0.1905,0.5556,0.5455,0.5405,0.3077,0.4118,0.4615,0.4242
0.6429,0.5366,0.6667,0.6512,0.5926,0.6829,0.6842,0.6818,0.8125,0.5333,0.6829,0.6486
0.2963,0.45,0.45,0.45,0.2963,0.4615,0.3784,0.4615,0.3571,0.5,0.4211,0.4324
0.4167,0.5789,0.6316,0.5789,0.2727,0.5946,0.5946,0.5128,0.4615,0.6316,0.3684,0.5
0.5185,0.5,0.4762,0.5581,0.5714,0.5714,0.55,0.5714,0.5625,0.4889,0.4444,0.5333
0.4118,0.4783,0.4545,0.4681,0.4375,0.4545,0.4681,0.4783,0.4118,0.5,0.5,0.439
0.24,0.4889,0.4286,0.4286,0.24,0.5116,0.439,0.4186,0.5294,0.4211,0.381,0.5455
0.3704,0.383,0.3902,0.3902,0.3704,0.3902,0.381,0.3902,0.4138,0.3556,0.3889,0.4091
0.4,0.7143,0.6512,0.6829,0.4615,0.6829,0.6364,0.6829,0.4667,0.6047,0.5946,0.6842
0.2963,0.6,0.5714,0.5306,0.2963,0.5714,0.6122,0.5306,0.4,0.4,0.5833,0.5778
0.3448,0.4444,0.5532,0.5,0.3333,0.4737,0.5128,0.5,0.4375,0.2927,0.4348,0.4
0.6429,0.5581,0.5789,0.5116,0.48,0.5854,0.5405,0.5714,0.6667,0.5854,0.4681,0.6111
0.625,0.7083,0.6512,0.6792,0.6471,0.6809,0.6667,0.6809,0.6857,0.6522,0.6829,0.6667
0.2308,0.439,0.4103,0.4615,0.2963,0.4737,0.4103,0.4865,0.3571,0.4615,0.4545,0.4103
0.32,0.5714,0.6471,0.6471,0.2609,0.6486,0.6286,0.6061,0.4828,0.5405,0.5946,0.5714
0.3704,0.5957,0.4286,0.5909,0.3704,0.65,0.5116,0.619,0.5333,0.5,0.5556,0.6047
0.3846,0.6222,0.6667,0.6383,0.4615,0.6512,0.625,0.6522,0.4138,0.6222,0.6667,0.55
0.2667,0.4,0.3265,0.3922,0.1429,0.3111,0.3111,0.4,0.4571,0.3902,0.4186,0.4681
0.4,0.6222,0.5946,0.5909,0.25,0.6667,0.6316,0.6222,0.6471,0.6842,0.6829,0.6154
0.3704,0.55,0.5405,0.5366,0.3704,0.6154,0.5556,0.55,0.5294,0.5405,0.5263,0.5
0.2609,0.5455,0.5789,0.6512,0.4,0.5366,0.5405,0.6341,0.4444,0.5333,0.4865,0.5854
0.32,0.4286,0.5714,0.5,0.2963,0.5116,0.5,0.4889,0.4,0.4103,0.4878,0.4762
0.3704,0.5833,0.5106,0.5909,0.4286,0.619,0.5333,0.619,0.5,0.5385,0.5652,0.5455
0.6,0.5789,0.5641,0.619,0.5185,0.6,0.6154,0.6154,0.5946,0.55,0.5128,0.5714
0.4667,0.5778,0.5333,0.5581,0.4516,0.5778,0.5957,0.5778,0.4848,0.5,0.5581,0.5641
0.3333,0.381,0.3273,0.2927,0.3333,0.3333,0.3556,0.2927,0.3871,0.4091,0.3913,0.4103
0.3846,0.4783,0.4889,0.5,0.4286,0.4889,0.5116,0.5,0.375,0.4545,0.4783,0.4348
0.6897,0.6154,0.5789,0.6667,0.5926,0.6316,0.6316,0.6316,0.7097,0.55,0.4865,0.5116
0.4444,0.6047,0.5581,0.5333,0.4444,0.5652,0.55,0.5217,0.5882,0.6522,0.5333,0.4545
0.4242,0.5238,0.5455,0.5116,0.4706,0.5,0.5581,0.4889,0.4444,0.5238,0.5778,0.5217
0.25,0.5714,0.3721,0.5238,0.1739,0.5,0.5,0.5116,0.3704,0.45,0.4444,0.4
0.4242,0.5333,0.5532,0.5833,0.3871,0.4651,0.4651,0.5217,0.4,0.4898,0.549,0.4615
0.1905,0.6512,0.6222,0.6809,0.3478,0.6818,0.6,0.6818,0.7273,0.5652,0.5957,0.6222
0.2963,0.4878,0.4737,0.5333,0.2963,0.5116,0.5263,0.5333,0.4848,0.4865,0.4444,0.4762
0.4,0.4762,0.3889,0.4762,0.3333,0.4651,0.4545,0.4762,0.5333,0.439,0.4186,0.4615
0.3448,0.4762,0.4615,0.4211,0.3448,0.4615,0.4737,0.3684,0.375,0.4211,0.5263,0.4103
0.5806,0.6222,0.6818,0.6047,0.5333,0.5909,0.6512,0.5909,0.6471,0.6341,0.6047,0.6341
0.4848,0.5098,0.5098,0.4615,0.4571,0.4615,0.5106,0.4615,0.5556,0.4706,0.4583,0.4889
0.4,0.6,0.5128,0.6364,0.4,0.55,0.5455,0.6364,0.4444,0.5238,0.5581,0.5778
0.2727,0.5366,0.6486,0.5128,0.1905,0.5641,0.6111,0.4615,0.3478,0.6,0.5,0.5
0.08,0.5417,0.5217,0.52,0.4444,0.56,0.5532,0.5306,0.2424,0.4898,0.48,0.5306
0.4516,0.4681,0.5417,0.5833,0.4516,0.5957,0.5116,0.5714,0.5143,0.5909,0.5417,0.5366
0.3846,0.6286,0.5714,0.5405,0.3846,0.5714,0.5714,0.5789,0.5,0.6486,0.5294,0.5946
0.4167,0.5,0.3333,0.5,0.32,0.4571,0.4375,0.4848,0.5625,0.5455,0.4,0.5
0.32,0.45,0.4615,0.5128,0.4,0.5,0.4615,0.5366,0.4242,0.4878,0.4286,0.45
0.2308,0.4651,0.4615,0.4651,0.2308,0.4762,0.4,0.4651,0.3448,0.4878,0.5217,0.4444
0.4286,0.6154,0.65,0.5641,0.4444,0.619,0.6154,0.5366,0.6061,0.6,0.6977,0.5714
0.4286,0.4651,0.4103,0.5238,0.3704,0.45,0.4615,0.55,0.3871,0.35,0.4865,0.4
0.5714,0.6316,0.5714,0.6154,0.4444,0.6667,0.5946,0.5946,0.6061,0.4242,0.6154,0.5789
0.3871,0.4783,0.4186,0.4545,0.3448,0.4545,0.4878,0.4889,0.4211,0.4889,0.5714,0.4889
0.3571,0.5306,0.6222,0.5957,0.3448,0.6,0.6047,0.64,0.5294,0.5778,0.549,0.5217
0.1818,0.65,0.5455,0.5789,0.2609,0.6316,0.5366,0.5789,0.4615,0.5455,0.5116,0.4444
0.4828,0.5641,0.5,0.4651,0.4444,0.5854,0.5366,0.5333,0.5455,0.5366,0.5,0.4286
0.4375,0.5882,0.4255,0.549,0.4,0.5714,0.5333,0.5769,0.5,0.5306,0.5714,0.6154
0.5,0.4865,0.5641,0.5366,0.5385,0.5714,0.5405,0.5128,0.56,0.5789,0.4737,0.55
0.3846,0.4615,0.5366,0.4878,0.3846,0.45,0.5128,0.439,0.4444,0.4737,0.5,0.45
0.6207,0.7273,0.7111,0.7273,0.4615,0.7143,0.7442,0.7273,0.7778,0.6,0.6977,0.6222
0.3846,0.5238,0.5556,0.4878,0.3846,0.5263,0.5854,0.5116,0.4444,0.4615,0.4324,0.5
0.2222,0.5116,0.45,0.5455,0.2069,0.5,0.4286,0.5,0.303,0.4545,0.3721,0.5
0.4242,0.4889,0.5532,0.4583,0.3226,0.4898,0.5,0.4706,0.4571,0.52,0.5333,0.56
0.25,0.4865,0.3784,0.5,0.25,0.4865,0.4324,0.4865,0.3571,0.5128,0.4865,0.4615
0.5333,0.6667,0.6531,0.6522,0.5,0.6957,0.6809,0.6818,0.5625,0.6047,0.5116,0.5778
0.3571,0.4762,0.5854,0.5238,0.3448,0.5116,0.5238,0.4889,0.3871,0.4,0.5789,0.45
0.4828,0.4762,0.5,0.45,0.4286,0.45,0.4615,0.439,0.5625,0.4211,0.4103,0.5
0.2609,0.5366,0.5294,0.5,0.2609,0.55,0.5789,0.5789,0.25,0.5116,0.55,0.4848
0.3846,0.5366,0.5,0.5116,0.3704,0.5238,0.5238,0.5116,0.4828,0.4878,0.5128,0.4878
0.3571,0.5455,0.5238,0.5116,0.2963,0.4878,0.619,0.5116,0.4444,0.5128,0.4889,0.5217
0.2308,0.4286,0.35,0.3556,0.24,0.4,0.381,0.3478,0.4375,0.4286,0.3636,0.3913
0.4667,0.6383,0.6522,0.5909,0.4138,0.6364,0.6364,0.619,0.5161,0.6383,0.6522,0.5714
0.5806,0.6667,0.5957,0.6087,0.6,0.6512,0.6522,0.6087,0.6111,0.6087,0.4898,0.6222
0.32,0.5238,0.3529,0.5,0.24,0.5366,0.3529,0.5714,0.4,0.3889,0.4865,0.4444
0.4444,0.5116,0.5556,0.55,0.5,0.5116,0.4762,0.5366,0.5333,0.5,0.4737,0.5366
0.3846,0.6154,0.6087,0.619,0.3704,0.619,0.5789,0.6047,0.4828,0.6512,0.5161,0.5128
0.2857,0.35,0.35,0.4545,0.2857,0.5217,0.45,0.4545,0.375,0.4348,0.4091,0.4
0.2857,0.5238,0.6222,0.5581,0.2,0.619,0.6364,0.5581,0.4615,0.5714,0.5366,0.5263
0.3704,0.5,0.4615,0.5263,0.4444,0.5263,0.5,0.5263,0.4,0.4545,0.4865,0.4865
0.4444,0.5116,0.5128,0.4889,0.4,0.5581,0.55,0.4889,0.5,0.4324,0.5581,0.5
0.3704,0.5714,0.5128,0.5581,0.3077,0.5714,0.619,0.5854,0.4516,0.5238,0.5,0.4324
0.4667,0.5,0.449,0.5417,0.4516,0.4898,0.4898,0.5,0.6486,0.4706,0.5,0.44
0.4,0.6286,0.5806,0.6111,0.4,0.6667,0.7059,0.5882,0.6,0.6471,0.6667,0.7
0.3077,0.52,0.4583,0.5,0.3077,0.4898,0.4889,0.52,0.4,0.4706,0.45,0.5
0.4667,0.6154,0.619,0.6038,0.4138,0.6,0.6047,0.6154,0.5161,0.5789,0.5854,0.5333
0.3077,0.3902,0.359,0.3902,0.3077,0.4,0.3684,0.3889,0.2963,0.3684,0.3636,0.4211
0.5,0.5532,0.5532,0.5957,0.4667,0.6087,0.5778,0.5652,0.5143,0.3721,0.4681,0.5106
0.2609,0.4706,0.4615,0.5263,0.25,0.4571,0.4,0.4571,0.3077,0.4706,0.4615,0.5714
0.3333,0.5405,0.4865,0.6111,0.4,0.5405,0.5,0.5789,0.4,0.4571,0.5263,0.5405
0.3846,0.4571,0.4571,0.4516,0.25,0.4242,0.4118,0.4375,0.3846,0.4737,0.4615,0.4516
0.4138,0.4681,0.5909,0.5,0.3704,0.5,0.5417,0.4681,0.4,0.45,0.5556,0.4762
0.5333,0.6,0.5789,0.5641,0.5333,0.5854,0.6316,0.6154,0.5161,0.5641,0.6,0.5854
0.4286,0.6667,0.6667,0.6222,0.4516,0.6512,0.6829,0.6222,0.5946,0.5778,0.6842,0.5789
0.4286,0.5641,0.5,0.5128,0.3077,0.5263,0.5405,0.55,0.5294,0.6,0.55,0.5366
0.5714,0.6383,0.5455,0.6122,0.5714,0.625,0.5769,0.6383,0.5625,0.6667,0.5926,0.5333
0.2609,0.55,0.4737,0.6,0.25,0.6,0.5641,0.6154,0.3077,0.4762,0.5128,0.4762
0.4444,0.4889,0.5366,0.5217,0.4615,0.5581,0.5581,0.5532,0.5333,0.5641,0.45,0.5366
0.2857,0.4444,0.4762,0.4255,0.3571,0.4255,0.4762,0.4255,0.3429,0.4444,0.3902,0.4762
0.3846,0.5854,0.4348,0.5,0.32,0.6,0.5641,0.5,0.6452,0.5,0.4571,0.4444
0.4828,0.5532,0.5,0.5714,0.4444,0.6341,0.4878,0.5714,0.5455,0.4737,0.52,0.5366
0.3077,0.5333,0.5909,0.5,0.3333,0.5532,0.5909,0.5116,0.4828,0.5,0.4889,0.5455
0.5517,0.4651,0.5238,0.5,0.4615,0.5238,0.55,0.5333,0.4571,0.4878,0.5238,0.4737
0.1905,0.5854,0.6,0.6512,0.1,0.6341,0.6829,0.619,0.4167,0.6364,0.6047,0.5714
0.3846,0.5789,0.4324,0.5641,0.1818,0.5128,0.3889,0.5854,0.5625,0.4118,0.4375,0.4444
0.375,0.5116,0.5116,0.5,0.375,0.5,0.4615,0.5,0.5,0.5366,0.5366,0.45
0.5161,0.6222,0.5769,0.5909,0.4615,0.6364,0.6512,0.5778,0.5714,0.5217,0.5366,0.6047
0.3333,0.5,0.5238,0.5128,0.3333,0.5641,0.5,0.55,0.4286,0.5306,0.5366,0.5714
0.4615,0.4865,0.5294,0.5238,0.4615,0.5556,0.5714,0.5238,0.6207,0.5128,0.7097,0.5128
0.4,0.5306,0.5106,0.5,0.4,0.5,0.4889,0.5,0.5143,0.4898,0.5106,0.4583
0.25,0.4878,0.4615,0.5128,0.3704,0.5366,0.5,0.55,0.4516,0.5128,0.5238,0.5366
0.5,0.6154,0.6667,0.6341,0.5,0.619,0.6842,0.65,0.6,0.6087,0.5652,0.5714
0.3704,0.4737,0.4211,0.5333,0.32,0.5263,0.4865,0.55,0.4667,0.5,0.45,0.5455
0.3077,0.3158,0.3684,0.35,0.2609,0.3,0.2778,0.3243,0.3571,0.3636,0.3636,0.3333
0.2857,0.52,0.5,0.5106,0.2857,0.5217,0.5581,0.5106,0.5294,0.4314,0.4074,0.48
0.3704,0.5116,0.5263,0.4878,0.3077,0.5366,0.5366,0.5238,0.4242,0.6522,0.4737,0.5238
0.5625,0.5652,0.5833,0.5957,0.4667,0.6383,0.5417,0.6087,0.5946,0.6087,0.5833,0.5532
0.4667,0.5581,0.4651,0.5778,0.4444,0.5714,0.5854,0.5778,0.5625,0.5333,0.5833,0.5532
0.25,0.4615,0.5116,0.5,0.2609,0.4615,0.5789,0.5,0.3704,0.5116,0.4783,0.5366
0.5333,0.6522,0.6222,0.625,0.4286,0.6383,0.5957,0.6522,0.6111,0.6222,0.5333,0.6364
0.3704,0.5116,0.4762,0.4651,0.32,0.5,0.5128,0.4651,0.5294,0.4615,0.439,0.4878
0.5185,0.5714,0.55,0.5556,0.5,0.5854,0.55,0.4878,0.5806,0.5854,0.5128,0.4444
0.32,0.5854,0.6522,0.6809,0.3846,0.619,0.55,0.6512,0.4444,0.5128,0.5366,0.6061
0.1739,0.7179,0.6364,0.7,0.25,0.7,0.6364,0.6829,0.4138,0.6512,0.625,0.619
0.3333,0.5,0.4681,0.4783,0.4,0.449,0.4444,0.4783,0.5143,0.4898,0.5306,0.4889
0.3448,0.6522,0.6047,0.64,0.4138,0.625,0.6383,0.64,0.5556,0.5532,0.56,0.5116
0.3448,0.4762,0.5238,0.5116,0.1667,0.5,0.5366,0.5,0.3429,0.5333,0.4211,0.4783
0.5,0.6154,0.6316,0.65,0.4348,0.65,0.6,0.6154,0.6207,0.6,0.6316,0.6154
0.32,0.4681,0.3182,0.4286,0.2857,0.4186,0.3256,0.381,0.3448,0.4,0.381,0.35
0.3846,0.3636,0.4118,0.45,0.25,0.4103,0.4737,0.4878,0.4828,0.4,0.4615,0.3429
0.4828,0.4615,0.4878,0.5,0.4828,0.4651,0.5366,0.5,0.5,0.5333,0.5238,0.5333
0.5806,0.4545,0.4186,0.4783,0.5517,0.4091,0.45,0.4091,0.5806,0.5366,0.4878,0.4878
0.4444,0.4762,0.5238,0.4615,0.3846,0.5366,0.5366,0.4615,0.5,0.5116,0.5238,0.4878
0.2609,0.5641,0.4737,0.5641,0.24,0.5641,0.5,0.55,0.5517,0.3684,0.5238,0.5128
0.5714,0.5926,0.64,0.64,0.5185,0.6154,0.6667,0.6038,0.6061,0.6038,0.6122,0.6154
0.25,0.4545,0.3158,0.4348,0.1818,0.4783,0.3721,0.4444,0.5455,0.5854,0.35,0.4651
0.4,0.549,0.5909,0.56,0.3636,0.5652,0.5778,0.4898,0.5641,0.48,0.6087,0.5714
0.3226,0.4615,0.4571,0.45,0.2667,0.4615,0.4324,0.45,0.4,0.35,0.5238,0.4878
0.3704,0.5217,0.5641,0.5778,0.4138,0.5909,0.6047,0.6222,0.5,0.5128,0.5263,0.4889
0.4167,0.6341,0.5882,0.6154,0.4167,0.6047,0.6316,0.6486,0.48,0.5294,0.6154,0.6154
0.32,0.5778,0.6154,0.5714,0.3704,0.5581,0.4878,0.5909,0.5625,0.6512,0.5641,0.619
0.3448,0.52,0.5366,0.5333,0.2857,0.5217,0.5,0.5455,0.5405,0.5106,0.4444,0.5
0.4286,0.5,0.4186,0.4889,0.4286,0.5238,0.4186,0.5366,0.4737,0.375,0.3673,0.4651
0.4828,0.5778,0.5532,0.5833,0.5185,0.5778,0.5532,0.5957,0.5143,0.6222,0.6087,0.6364
0.3478,0.5946,0.6,0.4865,0.4,0.5263,0.5556,0.5263,0.4828,0.5405,0.5641,0.4848
0.4615,0.5128,0.5405,0.4865,0.4,0.4878,0.5405,0.4865,0.4828,0.5581,0.5556,0.4571
0.32,0.4651,0.3889,0.4103,0.1818,0.359,0.3684,0.4324,0.3704,0.4286,0.381,0.35
0.625,0.5116,0.5455,0.5217,0.5882,0.5581,0.6667,0.5417,0.6471,0.5366,0.5455,0.449
0.4667,0.6364,0.5789,0.5909,0.4667,0.5909,0.619,0.5581,0.5294,0.5238,0.5366,0.5116
0.1667,0.5238,0.4651,0.5714,0.0,0.5778,0.5455,0.5581,0.3448,0.4889,0.4211,0.5652
0.4,0.619,0.6364,0.5333,0.4,0.5909,0.6341,0.5,0.5806,0.4878,0.5405,0.5238
0.4167,0.5854,0.4878,0.5238,0.3478,0.6154,0.4878,0.5366,0.5455,0.4878,0.5116,0.55
0.5517,0.6383,0.6087,0.625,0.48,0.6087,0.6364,0.5957,0.6452,0.5455,0.6364,0.6222
0.3077,0.6087,0.5455,0.5417,0.3846,0.5116,0.5116,0.5652,0.5,0.5128,0.5263,0.5
0.3704,0.55,0.55,0.5,0.3077,0.5,0.5405,0.5,0.4375,0.55,0.5946,0.5405
0.4138,0.4211,0.4571,0.4186,0.4138,0.4211,0.4865,0.4286,0.5,0.4545,0.4545,0.45
0.4138,0.5532,0.6341,0.5306,0.4516,0.5532,0.5455,0.5417,0.5455,0.5333,0.5417,0.5106
0.4444,0.4286,0.4615,0.4186,0.4,0.3902,0.4324,0.439,0.5143,0.35,0.5405,0.5366
0.2424,0.3636,0.3721,0.3043,0.2667,0.3404,0.3556,0.3043,0.2424,0.4583,0.4,0.4103
0.5,0.6364,0.5366,0.6818,0.3846,0.6522,0.5714,0.7111,0.6452,0.6222,0.6383,0.6222
0.4667,0.5957,0.6,0.619,0.5333,0.6522,0.6087,0.6047,0.5161,0.6047,0.5957,0.5909
0.2222,0.4103,0.381,0.4103,0.2222,0.439,0.4615,0.4,0.2143,0.4,0.381,0.3429
0.4,0.6154,0.5882,0.6667,0.5185,0.6,0.6667,0.6486,0.4615,0.55,0.6061,0.65
0.5185,0.6222,0.5714,0.5652,0.5385,0.5778,0.5714,0.5652,0.6667,0.5714,0.549,0.5217
0.4667,0.6316,0.5909,0.65,0.4138,0.6667,0.5238,0.6667,0.6286,0.5366,0.5714,0.5714
0.3871,0.4286,0.4286,0.4783,0.2143,0.4444,0.439,0.4583,0.4444,0.4,0.381,0.3636
0.3571,0.4,0.5,0.4878,0.3846,0.4762,0.4762,0.4878,0.4,0.5,0.4348,0.4878
0.3846,0.6341,0.5946,0.5854,0.4,0.6154,0.5789,0.5854,0.4828,0.5,0.55,0.4878
0.2727,0.5238,0.6154,0.4737,0.2727,0.4651,0.55,0.4737,0.4615,0.5455,0.5,0.5455
0.5161,0.6667,0.7143,0.6,0.3333,0.64,0.6522,0.5714,0.6471,0.5882,0.5957,0.6364
0.3333,0.3902,0.3902,0.3636,0.3846,0.3913,0.381,0.381,0.4138,0.4737,0.4865,0.4
0.32,0.6154,0.5714,0.5946,0.1739,0.6,0.5714,0.6154,0.5,0.65,0.5556,0.5882
0.2759,0.5,0.4231,0.4889,0.1481,0.4889,0.5417,0.4889,0.3636,0.5,0.5778,0.5
0.3448,0.5581,0.5366,0.5909,0.2857,0.5854,0.5366,0.5854,0.4375,0.5366,0.5641,0.5581
0.5,0.4878,0.5306,0.5106,0.4828,0.5,0.4545,0.5106,0.5405,0.5116,0.4681,0.5116
0.3846,0.5778,0.5714,0.5333,0.3846,0.5652,0.5366,0.5333,0.6061,0.4444,0.5128,0.5641
0.5,0.549,0.5957,0.5333,0.3846,0.5532,0.5532,0.5333,0.5517,0.5366,0.5652,0.5106
0.3077,0.5106,0.6047,0.4783,0.3077,0.5238,0.55,0.5,0.4,0.5532,0.5652,0.5532
0.4,0.5,0.375,0.5143,0.3333,0.4324,0.4138,0.4737,0.4444,0.4,0.5161,0.4118
0.3333,0.6667,0.64,0.6667,0.4615,0.6531,0.6957,0.7083,0.7429,0.6522,0.7179,0.7273
0.6207,0.6818,0.65,0.7179,0.5714,0.7179,0.7179,0.7317,0.6667,0.7442,0.65,0.7179
0.3077,0.5,0.5217,0.5641,0.3571,0.5455,0.5581,0.6,0.3871,0.5263,0.4651,0.5263
0.375,0.4651,0.4286,0.4545,0.2759,0.4762,0.4286,0.4186,0.3529,0.439,0.4286,0.4
0.5,0.5957,0.5882,0.5957,0.4444,0.6047,0.6154,0.5652,0.6486,0.5652,0.6667,0.5333
0.2857,0.5581,0.5333,0.5833,0.2222,0.5581,0.5455,0.5957,0.3636,0.5833,0.4889,0.5455
0.1481,0.25,0.2778,0.2564,0.1481,0.3256,0.3415,0.2857,0.2069,0.3158,0.381,0.2941
0.4615,0.6,0.6809,0.5417,0.6207,0.5778,0.5909,0.5532,0.6452,0.6667,0.5833,0.5778
0.4286,0.5,0.5556,0.5581,0.4444,0.4651,0.5263,0.5366,0.4138,0.4,0.4762,0.5366
0.3333,0.6,0.5263,0.65,0.3333,0.6667,0.6316,0.6,0.4615,0.4444,0.6154,0.5641
0.1905,0.5652,0.549,0.5833,0.5517,0.5957,0.6512,0.5833,0.6207,0.5,0.5385,0.5306
0.5333,0.5366,0.6,0.55,0.3846,0.5641,0.6,0.55,0.6061,0.5714,0.5714,0.4878
0.3333,0.5098,0.5238,0.4783,0.4,0.4762,0.4878,0.5116,0.4286,0.4762,0.5,0.4878
0.3448,0.381,0.4,0.45,0.2857,0.381,0.4324,0.4762,0.3226,0.4762,0.439,0.4
0.4138,0.5116,0.4211,0.5238,0.3077,0.5217,0.5263,0.5455,0.4848,0.3415,0.3529,0.3902
0.4615,0.5116,0.5238,0.5714,0.4615,0.5116,0.5581,0.5417,0.5333,0.5116,0.5909,0.5714
0.3077,0.4706,0.4681,0.5333,0.4286,0.6222,0.5581,0.6087,0.4848,0.5,0.4737,0.5946
0.4286,0.5366,0.5714,0.6154,0.3333,0.6154,0.6,0.55,0.4828,0.55,0.5116,0.5581
0.5,0.619,0.6667,0.6341,0.48,0.6047,0.6667,0.5455,0.6452,0.5238,0.5854,0.5366
0.4,0.4444,0.4242,0.4103,0.2609,0.4615,0.4444,0.45,0.4138,0.45,0.4103,0.4865
0.3333,0.5116,0.4444,0.4651,0.3871,0.449,0.4255,0.4783,0.4571,0.5,0.3333,0.5106
0.5,0.6154,0.5217,0.5909,0.5,0.7,0.5714,0.5778,0.5,0.5116,0.5217,0.449
0.3871,0.4528,0.4898,0.5417,0.4848,0.4681,0.52,0.4583,0.4706,0.4615,0.5217,0.48
0.32,0.6047,0.6154,0.5714,0.5806,0.6,0.6,0.5366,0.5714,0.55,0.5581,0.5455
0.5333,0.6087,0.6154,0.5909,0.5517,0.5652,0.5909,0.5778,0.5333,0.5909,0.5714,0.6222
0.4828,0.625,0.6,0.5417,0.3333,0.5957,0.5957,0.6087,0.5882,0.6,0.5333,0.5854
0.3333,0.5128,0.4,0.5,0.3571,0.5,0.4878,0.5,0.5405,0.5778,0.5,0.4878
0.4138,0.55,0.5455,0.5909,0.32,0.6111,0.5641,0.6341,0.4375,0.5,0.4324,0.5128
0.1667,0.5116,0.5556,0.4211,0.1667,0.4878,0.4571,0.4651,0.4828,0.383,0.381,0.4545
0.32,0.4103,0.4865,0.4091,0.2609,0.4878,0.439,0.4091,0.3571,0.375,0.4186,0.4
0.1818,0.6316,0.6667,0.5789,0.25,0.5789,0.5882,0.5789,0.24,0.5455,0.4706,0.4242
0.5385,0.4762,0.5263,0.5641,0.4167,0.5405,0.5143,0.5263,0.5625,0.5,0.5405,0.5
0.3333,0.5882,0.6047,0.4878,0.4138,0.5581,0.5909,0.5238,0.4444,0.4889,0.5,0.45
0.4,0.5909,0.5714,0.5714,0.2609,0.5641,0.5556,0.6,0.5517,0.5789,0.6154,0.5263
0.5161,0.5333,0.5714,0.5581,0.4138,0.5455,0.5455,0.5581,0.5294,0.6,0.5714,0.6
0.1667,0.5116,0.5405,0.5909,0.0833,0.5366,0.5789,0.5455,0.4286,0.5714,0.4762,0.5238
0.3077,0.5238,0.4211,0.4444,0.2963,0.4211,0.4737,0.4865,0.4138,0.4615,0.3889,0.3636
0.4286,0.5333,0.449,0.5217,0.4286,0.5581,0.5455,0.5217,0.5294,0.4545,0.4681,0.4545
0.3333,0.4091,0.381,0.4091,0.3448,0.4286,0.4186,0.4,0.4,0.4286,0.4286,0.4286
0.48,0.5714,0.5714,0.5854,0.2727,0.6829,0.5854,0.6047,0.6207,0.6154,0.5641,0.5909
0.5806,0.6667,0.5909,0.68,0.5161,0.6522,0.6364,0.6522,0.6471,0.6667,0.6512,0.6047
0.0952,0.4,0.3784,0.4762,0.0952,0.35,0.359,0.439,0.3077,0.2703,0.2632,0.35
0.5185,0.5946,0.5556,0.5581,0.5,0.5854,0.55,0.5714,0.6857,0.5366,0.5641,0.5333
0.2857,0.5238,0.5,0.5581,0.2857,0.6,0.5,0.5581,0.3448,0.5128,0.4878,0.5238
0.3226,0.5106,0.5833,0.4889,0.3226,0.5714,0.625,0.5532,0.4,0.48,0.5714,0.5417
0.6429,0.5833,0.5652,0.549,0.48,0.5833,0.5778,0.5882,0.6286,0.549,0.6,0.5417
0.3871,0.5854,0.5238,0.5263,0.3226,0.5366,0.5366,0.5641,0.4571,0.4762,0.4286,0.5
0.25,0.4651,0.5532,0.5417,0.32,0.5641,0.5714,0.5652,0.3571,0.45,0.4651,0.3333
0.5333,0.5405,0.5143,0.4878,0.5517,0.5641,0.5641,0.5,0.6061,0.5,0.5,0.5366
0.4,0.4865,0.5,0.5128,0.3846,0.5128,0.4762,0.5,0.5,0.4737,0.5263,0.5143
0.3571,0.5714,0.5882,0.5405,0.4444,0.5405,0.5294,0.5641,0.5333,0.5641,0.5143,0.5143
0.3571,0.381,0.4615,0.3902,0.4667,0.439,0.45,0.4,0.4375,0.4286,0.4286,0.4286
0.4138,0.5333,0.5217,0.5116,0.2308,0.5455,0.5217,0.5333,0.5,0.5128,0.5778,0.5106
0.25,0.5217,0.6222,0.5116,0.1818,0.5455,0.5581,0.5652,0.5,0.5957,0.6087,0.4783
0.5625,0.5833,0.56,0.5417,0.5161,0.5833,0.5532,0.5532,0.6471,0.5106,0.4889,0.4898
0.3704,0.4091,0.3684,0.4091,0.32,0.4186,0.4324,0.4091,0.3448,0.4242,0.439,0.3902
0.6,0.55,0.5,0.5238,0.5714,0.5263,0.5238,0.5116,0.6452,0.5641,0.55,0.5789
0.4,0.7391,0.6818,0.5909,0.4,0.6222,0.7,0.5909,0.4848,0.6512,0.5128,0.5854
0.4615,0.5854,0.55,0.6,0.2609,0.5641,0.5556,0.6,0.5333,0.4762,0.6471,0.5556
0.3333,0.55,0.6316,0.6,0.32,0.6316,0.6111,0.55,0.5882,0.5366,0.6154,0.6341
0.3846,0.381,0.4,0.439,0.25,0.4651,0.381,0.439,0.5,0.45,0.4348,0.5128
0.4138,0.4889,0.5106,0.5,0.3571,0.4889,0.5333,0.4583,0.5143,0.5106,0.4889,0.4348
0.3571,0.56,0.5306,0.5532,0.3846,0.5532,0.5532,0.5,0.4444,0.5116,0.5106,0.5532
0.4615,0.619,0.5143,0.5854,0.4,0.5854,0.5946,0.55,0.6452,0.5238,0.4444,0.5
0.4516,0.5556,0.5652,0.5098,0.4,0.5098,0.5778,0.5098,0.5263,0.5306,0.5217,0.5306
0.32,0.4706,0.5143,0.5,0.25,0.5,0.5294,0.5161,0.5517,0.5556,0.6,0.5294
0.4828,0.619,0.5128,0.6047,0.2609,0.6154,0.5405,0.6047,0.6061,0.4865,0.5789,0.5778
0.4667,0.5238,0.5116,0.55,0.4138,0.4878,0.5581,0.5238,0.5,0.5116,0.3902,0.55
0.4348,0.65,0.6857,0.6341,0.4348,0.6486,0.6857,0.6667,0.5385,0.6667,0.6154,0.6842
0.24,0.3913,0.3182,0.3636,0.25,0.4186,0.3636,0.3256,0.2143,0.3158,0.3556,0.3684
0.1739,0.5106,0.5581,0.5,0.1818,0.4889,0.5581,0.5106,0.2222,0.5833,0.5116,0.5652
0.4138,0.7083,0.6122,0.6296,0.32,0.68,0.625,0.6538,0.5405,0.6538,0.5854,0.6667
0.2963,0.5116,0.439,0.4444,0.2963,0.4762,0.4,0.4545,0.3636,0.439,0.3902,0.4545
0.4375,0.5455,0.5,0.5581,0.4,0.5532,0.5217,0.5581,0.4706,0.5789,0.5366,0.5854
0.32,0.6111,0.5143,0.6316,0.32,0.6341,0.4706,0.5556,0.6,0.6111,0.5714,0.6667
0.32,0.4651,0.5143,0.4103,0.3846,0.3684,0.4706,0.4,0.4444,0.4444,0.5263,0.5
0.4667,0.4545,0.4255,0.4898,0.4,0.4681,0.4444,0.48,0.4444,0.4783,0.5652,0.5
0.4828,0.5,0.5263,0.5714,0.4,0.55,0.4865,0.6,0.6316,0.4737,0.4737,0.4615
0.4,0.4878,0.4615,0.4,0.3846,0.4737,0.4615,0.4211,0.375,0.4167,0.3889,0.4
0.4828,0.4898,0.5652,0.5106,0.5333,0.5455,0.5652,0.5106,0.5455,0.5333,0.5854,0.5652
0.1818,0.5641,0.5455,0.55,0.1818,0.5405,0.6316,0.5641,0.2609,0.5625,0.5789,0.3871
0.5,0.4681,0.4681,0.4898,0.4848,0.5,0.4889,0.5306,0.5556,0.5417,0.5106,0.4762
0.4286,0.4889,0.5581,0.5106,0.4138,0.4651,0.5116,0.4783,0.4516,0.5,0.4681,0.5
0.25,0.5263,0.4186,0.3889,0.32,0.4762,0.5,0.3784,0.4286,0.5,0.5,0.3429
0.3846,0.5641,0.5455,0.6316,0.3846,0.5405,0.6111,0.5946,0.4375,0.55,0.4878,0.5263
0.6061,0.5854,0.6047,0.5333,0.4828,0.6087,0.5652,0.5581,0.6471,0.5116,0.5455,0.5833
0.3333,0.5263,0.5238,0.5366,0.32,0.5128,0.6,0.5366,0.4444,0.5238,0.5294,0.5714
0.4286,0.5778,0.5778,0.6341,0.4667,0.6222,0.5455,0.6341,0.5,0.5909,0.5581,0.5455
0.4,0.52,0.5417,0.5385,0.4,0.5714,0.5417,0.5306,0.5128,0.52,0.5306,0.5769
0.48,0.55,0.4889,0.4783,0.4615,0.5217,0.4783,0.4783,0.5625,0.4651,0.549,0.4783
0.4,0.5789,0.5946,0.55,0.2727,0.6111,0.5,0.55,0.5,0.4828,0.4737,0.4
0.3478,0.5405,0.6486,0.5946,0.3478,0.6154,0.6286,0.5946,0.4615,0.5882,0.4848,0.6111
0.2308,0.4583,0.4286,0.4167,0.2308,0.4545,0.4889,0.4348,0.2,0.4167,0.4762,0.4783
0.1905,0.6341,0.619,0.6341,0.3333,0.619,0.6341,0.6341,0.3846,0.6829,0.5854,0.65
0.3636,0.5217,0.5957,0.5217,0.3636,0.5,0.6222,0.5217,0.4865,0.4545,0.48,0.4783
0.3846,0.5,0.4889,0.5306,0.3478,0.5106,0.4889,0.52,0.5,0.4783,0.4889,0.4348
0.25,0.4324,0.3871,0.3529,0.1739,0.4242,0.4103,0.3529,0.3704,0.4103,0.3902,0.4
0.3704,0.5333,0.5,0.5532,0.3704,0.5217,0.5455,0.5106,0.3704,0.5417,0.5,0.55
0.4138,0.5,0.4545,0.5854,0.4286,0.5306,0.5366,0.5,0.4375,0.5,0.4545,0.4444
0.5333,0.5217,0.4681,0.4681,0.5333,0.5333,0.5116,0.5,0.6286,0.5714,0.5714,0.5238
0.25,0.4865,0.3636,0.5128,0.1739,0.6111,0.4706,0.4865,0.2308,0.4865,0.4444,0.5366
0.2857,0.5116,0.5128,0.5333,0.2963,0.5116,0.4615,0.5455,0.3871,0.5417,0.4878,0.5217
0.2963,0.4348,0.4783,0.4167,0.2963,0.4348,0.4255,0.4167,0.4118,0.4651,0.4889,0.4545
0.4828,0.6364,0.6047,0.6522,0.5333,0.7,0.6667,0.6667,0.5714,0.6512,0.7027,0.6087
0.4444,0.6341,0.6364,0.6047,0.4286,0.619,0.5714,0.619,0.5161,0.5641,0.65,0.5854
0.4138,0.5366,0.5366,0.4615,0.4,0.4615,0.4762,0.4615,0.4516,0.5405,0.439,0.5143
0.3077,0.65,0.7222,0.6667,0.3077,0.6667,0.55,0.6667,0.5161,0.5405,0.619,0.5625
0.4138,0.4737,0.4865,0.5238,0.4138,0.45,0.5128,0.5581,0.4667,0.439,0.5714,0.4444
0.4348,0.5854,0.5,0.6364,0.2609,0.5854,0.5143,0.6667,0.5161,0.5366,0.4706,0.5366
0.4615,0.4889,0.5,0.5,0.4615,0.4889,0.5238,0.5116,0.5806,0.6286,0.5,0.5641
0.5926,0.5106,0.5217,0.5106,0.5385,0.5333,0.5238,0.5106,0.6667,0.5238,0.4444,0.5581
0.3704,0.5366,0.4865,0.5641,0.3704,0.5789,0.4762,0.5789,0.5294,0.5,0.52,0.4681
0.2308,0.3902,0.4848,0.3721,0.2308,0.439,0.4103,0.4091,0.3448,0.4878,0.4286,0.5217
0.24,0.619,0.5714,0.619,0.3704,0.55,0.5641,0.6047,0.4516,0.5854,0.5854,0.5854
0.4286,0.5833,0.5366,0.5106,0.4444,0.5957,0.6364,0.6222,0.4375,0.5641,0.5532,0.5652
0.4667,0.6038,0.6087,0.6038,0.3846,0.6038,0.6087,0.6038,0.5556,0.6,0.5652,0.5714
0.4167,0.619,0.4762,0.5116,0.2727,0.5714,0.5946,0.5455,0.5517,0.5405,0.5294,0.6341
0.32,0.5,0.65,0.5581,0.3846,0.55,0.6047,0.5581,0.5143,0.5909,0.5714,0.6122
0.5185,0.5263,0.5263,0.5366,0.4615,0.5128,0.4737,0.55,0.6,0.4103,0.5714,0.6364
0.3704,0.5128,0.5,0.4615,0.2609,0.5128,0.5405,0.4615,0.4667,0.4737,0.4186,0.5
0.5294,0.5778,0.5714,0.6087,0.5556,0.5581,0.55,0.6087,0.5714,0.5714,0.6047,0.5333
0.5,0.6667,0.6222,0.6809,0.4,0.7,0.6829,0.6364,0.6,0.6829,0.65,0.5581
0.5,0.5238,0.4255,0.5366,0.4242,0.5366,0.4444,0.5128,0.5143,0.5217,0.5652,0.5
0.4706,0.549,0.5,0.5,0.4848,0.5306,0.5106,0.5098,0.5789,0.5306,0.5833,0.5
0.2609,0.5789,0.45,0.5789,0.2609,0.6667,0.6667,0.5789,0.4,0.5143,0.5405,0.5714
0.4615,0.4737,0.4,0.4,0.3333,0.4324,0.4,0.3889,0.4375,0.5946,0.5,0.4444
0.5,0.4737,0.5556,0.5854,0.4615,0.5,0.5556,0.55,0.6452,0.5,0.5556,0.5
0.3704,0.625,0.6522,0.6809,0.3704,0.6522,0.6222,0.6809,0.6061,0.7059,0.625,0.6087
0.4615,0.4444,0.4878,0.5,0.4167,0.4865,0.5405,0.5,0.4444,0.4615,0.5143,0.4324
0.32,0.5641,0.5366,0.5116,0.32,0.55,0.5366,0.5238,0.4516,0.4878,0.5,0.4878
0.24,0.3333,0.3333,0.375,0.1667,0.4091,0.3556,0.3478,0.3448,0.3111,0.3333,0.3
0.3704,0.4651,0.4286,0.4,0.3333,0.3902,0.4103,0.3902,0.3448,0.2778,0.3429,0.3415
0.5185,0.5778,0.6087,0.6512,0.6207,0.6087,0.6047,0.6364,0.5333,0.5714,0.5116,0.5455
0.5385,0.5128,0.5238,0.5854,0.2727,0.4878,0.5581,0.5778,0.4828,0.4762,0.6047,0.5116
0.3077,0.6154,0.5143,0.6154,0.3077,0.5789,0.5128,0.5641,0.4286,0.5909,0.5854,0.6047
0.5333,0.7111,0.7,0.6667,0.6,0.6522,0.7143,0.6667,0.6471,0.5909,0.6512,0.5581
0.2857,0.5333,0.5714,0.5116,0.2963,0.5116,0.6,0.5116,0.4516,0.4878,0.5714,0.6222
0.4667,0.6512,0.5,0.6957,0.4667,0.6364,0.6154,0.6957,0.6111,0.5455,0.5366,0.5909
0.4,0.4444,0.4348,0.4444,0.3704,0.4444,0.4545,0.4091,0.4118,0.4898,0.4681,0.5217
0.2308,0.4103,0.4324,0.3684,0.24,0.3784,0.2778,0.3784,0.4,0.3158,0.3889,0.3226
0.4,0.4898,0.65,0.5306,0.4,0.5532,0.5,0.52,0.5333,0.5116,0.5714,0.5106
0.3448,0.4545,0.55,0.4286,0.3571,0.5,0.6316,0.4286,0.4,0.4348,0.3871,0.4
0.32,0.4545,0.4615,0.4286,0.32,0.439,0.4865,0.4286,0.4138,0.5128,0.5,0.5366
0.2857,0.48,0.4706,0.5417,0.2857,0.5652,0.449,0.52,0.4118,0.4444,0.3043,0.3636
0.5455,0.5556,0.4706,0.5455,0.4516,0.5,0.5106,0.5818,0.6316,0.566,0.5385,0.5556
0.4667,0.6383,0.5909,0.64,0.3571,0.6122,0.6383,0.64,0.5714,0.4898,0.5909,0.5909
0.5333,0.6222,0.55,0.5909,0.5,0.6364,0.5778,0.5714,0.7059,0.5652,0.5532,0.5778
0.4286,0.6486,0.65,0.5789,0.32,0.6667,0.6316,0.5789,0.5625,0.5909,0.5789,0.5882
0.5714,0.5778,0.5455,0.5455,0.5,0.5909,0.619,0.5652,0.7097,0.5957,0.5333,0.5116
0.1053,0.3704,0.3333,0.32,0.1053,0.3846,0.4,0.3846,0.1818,0.32,0.25,0.4138
0.3846,0.6818,0.6111,0.6047,0.25,0.6,0.5946,0.5641,0.5333,0.4737,0.6111,0.4848
0.25,0.5128,0.4848,0.4571,0.2609,0.4,0.4,0.4242,0.2857,0.3429,0.4242,0.3529
0.4615,0.6667,0.6111,0.6486,0.4,0.6316,0.6154,0.6486,0.5161,0.5263,0.5366,0.5882
0.4444,0.6154,0.45,0.5854,0.3846,0.5556,0.5263,0.5789,0.5333,0.5238,0.55,0.4762
0.4828,0.6122,0.6122,0.64,0.4286,0.6275,0.6531,0.6531,0.5455,0.6364,0.6222,0.55
0.3077,0.439,0.4211,0.381,0.2857,0.439,0.4103,0.4651,0.3704,0.4762,0.35,0.3784
0.4167,0.625,0.6522,0.6667,0.4167,0.6383,0.6047,0.6531,0.6452,0.6087,0.619,0.6087
0.4286,0.5581,0.6154,0.55,0.3704,0.5641,0.65,0.5641,0.5161,0.5,0.5128,0.55
0.3448,0.4,0.4348,0.439,0.2857,0.45,0.4,0.45,0.3333,0.4255,0.3684,0.4286
0.5161,0.5098,0.5,0.4783,0.4828,0.52,0.5417,0.4583,0.4706,0.4583,0.4889,0.5116
0.4667,0.5455,0.5714,0.4889,0.4,0.5366,0.5238,0.4889,0.4516,0.5455,0.4889,0.5778
0.3571,0.6154,0.6522,0.5306,0.3077,0.6667,0.6957,0.6,0.5405,0.5,0.6275,0.5652
0.2963,0.4091,0.4444,0.4186,0.2963,0.4186,0.4865,0.439,0.4516,0.5116,0.3333,0.4186
0.5,0.4889,0.5581,0.5833,0.4667,0.4651,0.5778,0.5532,0.7059,0.5,0.6047,0.5909
0.32,0.6957,0.5778,0.6522,0.3333,0.6383,0.6087,0.6364,0.5333,0.6047,0.6286,0.65
0.4118,0.5455,0.5116,0.4889,0.4118,0.5778,0.4651,0.4545,0.4865,0.5581,0.5217,0.5333
0.4,0.5714,0.4324,0.5882,0.3478,0.5625,0.5161,0.5882,0.4615,0.5238,0.6111,0.4762
0.4,0.5306,0.6222,0.52,0.3704,0.5714,0.5957,0.5306,0.4,0.5217,0.4727,0.5833
0.5385,0.5789,0.5143,0.55,0.5385,0.5263,0.4324,0.4737,0.6452,0.4878,0.5,0.5641
0.5385,0.5128,0.4615,0.5263,0.4615,0.4737,0.5,0.4737,0.5185,0.3889,0.4706,0.4324
0.3448,0.4,0.359,0.3721,0.3704,0.35,0.3721,0.3415,0.2581,0.4186,0.4255,0.3429
0.5385,0.5714,0.5714,0.619,0.5385,0.5909,0.6,0.5581,0.5926,0.5641,0.6667,0.6154
0.3077,0.4314,0.4889,0.4444,0.3704,0.4314,0.4583,0.4528,0.3333,0.4615,0.48,0.4364
0.087,0.3415,0.4,0.3243,0.087,0.359,0.3243,0.3158,0.1429,0.3784,0.4762,0.4118
0.3871,0.6087,0.5532,0.6222,0.3333,0.5652,0.5957,0.5333,0.5556,0.5455,0.5333,0.5909
0.3704,0.5957,0.55,0.5778,0.0952,0.6047,0.5238,0.5778,0.5143,0.65,0.5854,0.6341
0.24,0.5854,0.5581,0.5854,0.4138,0.619,0.5778,0.5714,0.6471,0.6522,0.619,0.6512
0.4444,0.5714,0.5263,0.55,0.4444,0.6341,0.6667,0.5641,0.4138,0.6364,0.5581,0.6154
0.4828,0.5641,0.5294,0.5128,0.4828,0.5263,0.6286,0.5366,0.5,0.5,0.4571,0.5263
0.48,0.5946,0.45,0.5854,0.4,0.5366,0.5263,0.619,0.5926,0.5366,0.55,0.5714
0.24,0.5263,0.55,0.5,0.2609,0.5263,0.5789,0.5,0.4138,0.3784,0.4211,0.439
0.32,0.6,0.6667,0.5714,0.32,0.6531,0.5833,0.6,0.5455,0.5417,0.6522,0.5957
0.2963,0.4615,0.5714,0.5238,0.24,0.5116,0.5366,0.5238,0.5,0.4242,0.5238,0.6222
0.5,0.5641,0.5882,0.5556,0.5185,0.5263,0.5714,0.5143,0.6,0.5263,0.5238,0.5143
0.3571,0.4324,0.4444,0.5128,0.3571,0.3529,0.4444,0.4865,0.375,0.3784,0.3902,0.4737
0.4444,0.4889,0.5417,0.52,0.4444,0.5217,0.4348,0.5106,0.5455,0.5128,0.4681,0.439
0.4667,0.4286,0.4583,0.4651,0.3704,0.5,0.4783,0.5,0.4571,0.5366,0.5,0.4878
0.32,0.5957,0.5909,0.5714,0.4444,0.5957,0.6364,0.5833,0.5333,0.6087,0.4865,0.6512
0.4286,0.4186,0.3721,0.3636,0.3448,0.4186,0.4,0.3721,0.5,0.4348,0.4255,0.4545
0.48,0.6667,0.5625,0.6471,0.5,0.625,0.5806,0.6286,0.5926,0.5455,0.6667,0.7059
0.3571,0.6047,0.6154,0.5714,0.3846,0.6047,0.65,0.619,0.5,0.68,0.5778,0.6087
0.2308,0.4615,0.5641,0.5789,0.3077,0.5263,0.55,0.55,0.5,0.4737,0.5128,0.5405
0.3846,0.4762,0.4865,0.5128,0.3846,0.5,0.5366,0.5128,0.5161,0.4444,0.5,0.381
0.4,0.6842,0.6047,0.7368,0.4615,0.7368,0.7222,0.7368,0.5185,0.7,0.6341,0.4324
0.32,0.5641,0.4865,0.5,0.3333,0.5263,0.4,0.5116,0.5625,0.6,0.6047,0.4706
0.5455,0.4898,0.4681,0.4615,0.5,0.48,0.4783,0.4615,0.5789,0.44,0.4783,0.4348
0.5806,0.5652,0.5909,0.5,0.6,0.5652,0.5909,0.5333,0.6667,0.5909,0.5116,0.5455
0.3846,0.4186,0.3902,0.4889,0.3571,0.3902,0.4186,0.4186,0.4667,0.3182,0.3721,0.3721
0.3846,0.5957,0.5116,0.6087,0.3077,0.5957,0.619,0.5417,0.5,0.5238,0.5641,0.6
0.32,0.5366,0.4878,0.4878,0.25,0.4762,0.439,0.5,0.3571,0.4615,0.4444,0.45
0.1818,0.619,0.5,0.5366,0.4615,0.65,0.5854,0.5854,0.1667,0.55,0.5714,0.5128
0.4516,0.5957,0.5909,0.5833,0.3448,0.5455,0.5581,0.5957,0.4516,0.5854,0.5366,0.5366
0.3077,0.5263,0.4324,0.5238,0.3704,0.5854,0.4444,0.5,0.3333,0.5405,0.4571,0.5405
0.4138,0.5,0.5217,0.4681,0.4286,0.5217,0.4651,0.4889,0.3871,0.4651,0.4186,0.4651
0.4286,0.619,0.6047,0.5778,0.4286,0.5778,0.6667,0.6047,0.5294,0.6512,0.6154,0.5641
0.5806,0.5532,0.5417,0.5778,0.5517,0.5652,0.5778,0.5652,0.6667,0.5833,0.5778,0.5652
0.5,0.4889,0.5778,0.5106,0.4444,0.4783,0.5,0.4444,0.5143,0.4348,0.5854,0.4615
0.25,0.4706,0.4706,0.4667,0.25,0.5,0.4848,0.4516,0.32,0.5556,0.4865,0.5143
0.5385,0.5455,0.5641,0.6222,0.48,0.6222,0.6154,0.6087,0.7647,0.5581,0.5,0.6222
0.48,0.6,0.5143,0.5263,0.48,0.55,0.5556,0.5263,0.5517,0.4737,0.4444,0.5263
0.3077,0.5455,0.4255,0.5455,0.2963,0.5238,0.4783,0.5116,0.4138,0.48,0.4324,0.4211
0.2963,0.5405,0.4865,0.5366,0.2963,0.5238,0.5238,0.5714,0.3333,0.4651,0.4651,0.5
0.4167,0.8421,0.7778,0.8293,0.3478,0.8205,0.7429,0.8205,0.6207,0.8421,0.7143,0.8718
0.4286,0.4783,0.4783,0.439,0.3704,0.4762,0.439,0.4444,0.5625,0.3922,0.4889,0.4444
0.25,0.4444,0.3902,0.4255,0.24,0.4348,0.5333,0.4348,0.3704,0.4737,0.4737,0.4324
0.3448,0.5238,0.4615,0.5263,0.3448,0.5366,0.439,0.4878,0.5455,0.4615,0.4211,0.5366
0.3077,0.4898,0.549,0.5909,0.1818,0.5333,0.5455,0.5778,0.3704,0.6087,0.5957,0.5641
0.3448,0.5652,0.4,0.4783,0.3448,0.4651,0.4878,0.4783,0.3871,0.4545,0.3721,0.383
0.4286,0.5641,0.5366,0.55,0.2963,0.5789,0.5,0.5854,0.5161,0.5,0.5,0.5581
0.5714,0.5532,0.5909,0.5778,0.5714,0.6222,0.5714,0.5532,0.5806,0.5116,0.55,0.5789
0.3571,0.5116,0.4889,0.439,0.3571,0.5238,0.5366,0.4615,0.4,0.4186,0.4091,0.5333
0.2308,0.4898,0.4783,0.5652,0.24,0.5333,0.5,0.5217,0.4516,0.5417,0.4348,0.4783
0.3478,0.7273,0.7692,0.7556,0.3333,0.7143,0.7907,0.6957,0.5517,0.7027,0.7179,0.6829
0.32,0.5128,0.5641,0.5,0.1739,0.5,0.5263,0.5,0.4516,0.3784,0.5294,0.5143
0.3571,0.4,0.381,0.383,0.3448,0.4681,0.4681,0.4,0.4242,0.4651,0.3721,0.5
0.4667,0.5333,0.4211,0.5455,0.4667,0.5,0.45,0.5455,0.5143,0.4783,0.4651,0.5455
0.3704,0.5238,0.4865,0.55,0.4286,0.4878,0.45,0.5366,0.3704,0.5652,0.5652,0.4889
0.2963,0.4706,0.5946,0.4865,0.2963,0.4865,0.5,0.4444,0.3571,0.4444,0.5366,0.4571
0.3448,0.4615,0.4286,0.4348,0.3333,0.4651,0.439,0.4545,0.4375,0.4583,0.4186,0.4865
0.5385,0.5789,0.55,0.5641,0.4615,0.55,0.5946,0.5789,0.6667,0.6,0.5263,0.6
0.4828,0.5581,0.5116,0.5714,0.4667,0.5714,0.5455,0.5581,0.5882,0.4211,0.5217,0.5238
0.4444,0.56,0.6222,0.56,0.4138,0.6122,0.6087,0.52,0.4848,0.56,0.5,0.4681
0.25,0.4211,0.3226,0.4615,0.2609,0.4324,0.4324,0.4,0.2963,0.4324,0.5625,0.3529
0.4,0.449,0.625,0.5,0.2857,0.4167,0.5106,0.48,0.4242,0.5106,0.5,0.4186
0.3571,0.5217,0.381,0.381,0.3077,0.5217,0.45,0.4091,0.4242,0.5306,0.4186,0.3636
0.5455,0.4889,0.4681,0.449,0.5,0.5,0.4889,0.449,0.5263,0.4878,0.5909,0.5217
0.4848,0.5,0.5,0.439,0.3571,0.45,0.45,0.5,0.5143,0.4286,0.45,0.4324
0.3704,0.619,0.4889,0.6222,0.2609,0.5366,0.5263,0.5909,0.4138,0.5854,0.4762,0.6512
0.5185,0.6341,0.5946,0.6111,0.4615,0.6471,0.6286,0.6286,0.5517,0.5946,0.7027,0.5714
0.4167,0.5789,0.4186,0.5789,0.4167,0.5641,0.4737,0.5946,0.5,0.5238,0.5,0.5714
0.48,0.5778,0.5714,0.5581,0.4167,0.6341,0.6222,0.6364,0.5714,0.5909,0.6,0.6667
0.3077,0.439,0.4737,0.4615,0.3077,0.4211,0.5143,0.4211,0.4286,0.3333,0.4,0.45
0.1818,0.45,0.3636,0.4615,0.2609,0.5128,0.4444,0.4324,0.3448,0.5405,0.4615,0.4324
0.3704,0.5116,0.5238,0.5116,0.4828,0.4762,0.5,0.4889,0.4828,0.4255,0.4545,0.4583
0.4444,0.6222,0.6,0.5714,0.4444,0.5957,0.5652,0.5532,0.5161,0.6531,0.625,0.5
0.4286,0.5909,0.5,0.5116,0.4286,0.5128,0.5714,0.4889,0.4375,0.6222,0.5778,0.6
0.3704,0.5106,0.5417,0.5106,0.4516,0.5106,0.5909,0.5217,0.5294,0.5116,0.5946,0.5
0.4444,0.7317,0.6512,0.6316,0.5385,0.65,0.7429,0.6316,0.6875,0.7027,0.7568,0.6977
0.3846,0.5238,0.4762,0.4286,0.32,0.5116,0.4878,0.439,0.3871,0.4651,0.4783,0.4444
0.5161,0.65,0.6842,0.6667,0.5333,0.6047,0.6316,0.6829,0.5625,0.6341,0.6222,0.6977
0.3704,0.4889,0.4286,0.4444,0.32,0.4651,0.4186,0.4545,0.4138,0.3415,0.4286,0.3902
0.3571,0.4898,0.625,0.4762,0.3571,0.5957,0.5333,0.5333,0.3871,0.5957,0.5641,0.5652
0.4286,0.5455,0.619,0.5581,0.4286,0.5714,0.5909,0.5778,0.5455,0.5455,0.5455,0.5333
0.3077,0.4545,0.5,0.5128,0.32,0.4762,0.5263,0.4878,0.4,0.3529,0.4865,0.4615
0.4286,0.5455,0.6,0.55,0.4138,0.55,0.5405,0.4889,0.5625,0.5106,0.5,0.4615
0.3448,0.439,0.5778,0.5238,0.3448,0.5116,0.5333,0.5,0.4242,0.381,0.5455,0.3902
0.2727,0.6,0.6286,0.5714,0.2727,0.6111,0.5882,0.5641,0.5517,0.5641,0.4571,0.5
0.3704,0.6038,0.6667,0.6415,0.5,0.6531,0.6809,0.6154,0.4,0.6383,0.625,0.6531
0.3846,0.4,0.4571,0.4186,0.3571,0.4103,0.4737,0.45,0.4286,0.381,0.4,0.3256
0.4828,0.6154,0.6154,0.65,0.4516,0.6667,0.6486,0.6842,0.5161,0.5581,0.6,0.6512
0.24,0.4,0.3111,0.4,0.24,0.383,0.3256,0.4091,0.3125,0.3529,0.2727,0.2927
0.3704,0.4082,0.4898,0.449,0.087,0.4167,0.4583,0.4583,0.3871,0.4651,0.381,0.381
0.1739,0.55,0.5116,0.5263,0.24,0.55,0.5641,0.55,0.4286,0.5405,0.5,0.5405
0.5161,0.6222,0.4898,0.5652,0.4667,0.6667,0.6222,0.5957,0.6667,0.6122,0.6667,0.5106
0.4,0.5455,0.5625,0.5625,0.3333,0.5806,0.5455,0.5625,0.3704,0.625,0.6061,0.6471
0.24,0.3684,0.4,0.3684,0.2143,0.3684,0.4103,0.3784,0.4242,0.2703,0.3684,0.3158
0.4444,0.5106,0.5532,0.5106,0.3846,0.625,0.6087,0.5217,0.4667,0.5385,0.5714,0.5556
0.3333,0.6316,0.65,0.6667,0.4615,0.6286,0.7027,0.6842,0.5517,0.5143,0.6471,0.6667
0.4828,0.5833,0.5581,0.5217,0.5,0.5306,0.5116,0.5532,0.4516,0.4103,0.4889,0.5652
0.5926,0.5909,0.55,0.5581,0.4615,0.5455,0.5854,0.5778,0.7059,0.5641,0.5581,0.5556
0.4375,0.5217,0.4545,0.4681,0.5294,0.4583,0.4348,0.5,0.5556,0.5106,0.5116,0.5306
0.4444,0.5217,0.5217,0.5455,0.2308,0.5455,0.4889,0.5455,0.4571,0.55,0.4211,0.5128
0.4444,0.5854,0.6667,0.5854,0.4615,0.6,0.6341,0.5854,0.5,0.5909,0.5909,0.5366
0.2143,0.5217,0.4898,0.4444,0.2222,0.5455,0.5455,0.5,0.4444,0.4444,0.4286,0.4545
0.5333,0.6667,0.5128,0.619,0.5161,0.55,0.4651,0.6341,0.5625,0.5532,0.5789,0.5581
0.4615,0.6122,0.5333,0.5778,0.4615,0.6222,0.5854,0.6222,0.5333,0.6,0.5957,0.6818
0.5,0.6,0.6154,0.5714,0.4167,0.5854,0.5714,0.5714,0.5161,0.5263,0.5581,0.5128
0.5556,0.5882,0.6122,0.5306,0.4706,0.5882,0.5778,0.4898,0.6512,0.5455,0.6222,0.5455
0.3333,0.4583,0.55,0.4545,0.2609,0.4878,0.5405,0.4783,0.4444,0.4783,0.5128,0.4091
0.48,0.7027,0.6,0.7368,0.4167,0.7368,0.6486,0.7179,0.5806,0.7143,0.5455,0.6842
0.2222,0.3429,0.3226,0.35,0.2308,0.3158,0.303,0.35,0.2759,0.3636,0.3243,0.3721
0.32,0.5946,0.4211,0.4,0.24,0.4762,0.45,0.439,0.4444,0.4186,0.4865,0.4186
0.5185,0.5,0.5128,0.55,0.2609,0.5641,0.5263,0.55,0.625,0.5641,0.5789,0.6154
0.4516,0.56,0.5306,0.5385,0.4516,0.56,0.52,0.549,0.5946,0.549,0.6047,0.56
0.4615,0.5833,0.5833,0.5957,0.32,0.6222,0.6087,0.5833,0.6667,0.5833,0.65,0.6047
0.3846,0.4186,0.4186,0.4651,0.3077,0.4286,0.4103,0.4186,0.4,0.4615,0.4615,0.4324
0.4375,0.5,0.4898,0.5333,0.4375,0.4898,0.5333,0.5217,0.5,0.5532,0.5116,0.5116
0.2857,0.4211,0.3333,0.4444,0.2857,0.3889,0.3529,0.4,0.375,0.1714,0.2069,0.2424
0.5385,0.5946,0.6154,0.5854,0.48,0.6486,0.6842,0.5854,0.3846,0.65,0.6667,0.5854
0.25,0.5714,0.5882,0.5128,0.32,0.5641,0.4865,0.5128,0.4444,0.4878,0.5641,0.5854
0.4444,0.5957,0.6047,0.6667,0.4444,0.6222,0.6222,0.6512,0.5161,0.7619,0.6667,0.6316
0.6875,0.6512,0.6667,0.6818,0.6667,0.6512,0.7368,0.6512,0.7273,0.7,0.6047,0.6341
0.4138,0.5306,0.5385,0.56,0.4138,0.5957,0.6222,0.56,0.5,0.5714,0.5652,0.56
0.3846,0.6667,0.6316,0.6829,0.3077,0.6667,0.7143,0.5789,0.5333,0.6512,0.5366,0.6512
0.4828,0.4737,0.5405,0.5405,0.4828,0.4444,0.4324,0.5,0.5333,0.4615,0.45,0.4324
0.5185,0.5217,0.5366,0.5417,0.5185,0.6047,0.5581,0.5417,0.5294,0.5,0.4706,0.5106
0.1538,0.5306,0.4651,0.5217,0.2222,0.5532,0.4651,0.5417,0.3333,0.4889,0.5,0.5128
0.3333,0.439,0.4103,0.4286,0.25,0.4211,0.4762,0.4,0.3704,0.4324,0.4615,0.4103
0.1538,0.3415,0.2857,0.359,0.1538,0.359,0.3333,0.4103,0.2759,0.3243,0.2778,0.2703
0.24,0.5,0.55,0.5946,0.3077,0.5854,0.5366,0.5641,0.3077,0.6087,0.6,0.5238
0.3704,0.5306,0.375,0.5098,0.3077,0.5106,0.4444,0.5306,0.4667,0.5455,0.4348,0.4286
0.3448,0.5385,0.5455,0.5882,0.4,0.56,0.5957,0.549,0.5556,0.4706,0.6047,0.5
0.4286,0.5366,0.4651,0.5581,0.3846,0.5581,0.5116,0.5455,0.5625,0.5294,0.4762,0.5789
0.1818,0.6667,0.6667,0.6286,0.1905,0.6471,0.6111,0.6286,0.4444,0.6486,0.6486,0.4706
0.3704,0.4,0.4,0.3684,0.3704,0.4,0.4,0.3684,0.3571,0.35,0.3333,0.359
0.3571,0.5366,0.4615,0.4545,0.24,0.4878,0.5854,0.4762,0.5294,0.5581,0.5238,0.5333
0.3077,0.5238,0.5,0.4615,0.3704,0.619,0.5366,0.55,0.3571,0.4286,0.5455,0.2941
0.4444,0.5116,0.5106,0.5714,0.32,0.5366,0.55,0.5366,0.5806,0.5854,0.5128,0.5
0.5714,0.5652,0.5778,0.5333,0.5714,0.5652,0.5854,0.5652,0.5455,0.5778,0.5238,0.5116
0.32,0.6087,0.5238,0.619,0.1667,0.5116,0.5116,0.5854,0.4242,0.4103,0.5714,0.4762
0.3704,0.5263,0.5263,0.5581,0.32,0.5333,0.5854,0.5909,0.3871,0.5714,0.5581,0.5957
0.32,0.6316,0.6829,0.65,0.3333,0.7,0.7179,0.65,0.5517,0.5405,0.5714,0.5366
0.4667,0.5957,0.4889,0.4878,0.4667,0.5366,0.5366,0.4878,0.5714,0.5789,0.5366,0.5116
0.3704,0.4898,0.4889,0.4898,0.4444,0.44,0.5116,0.4583,0.4706,0.4583,0.5366,0.4889
0.4444,0.5238,0.5714,0.5,0.3846,0.6,0.5789,0.5263,0.6,0.5,0.5789,0.5641
0.4286,0.4762,0.4545,0.5238,0.4286,0.5238,0.439,0.5,0.6286,0.4615,0.4571,0.55
0.3571,0.4681,0.6,0.4444,0.3704,0.4681,0.5238,0.4255,0.5455,0.5116,0.5106,0.4681
0.5385,0.6512,0.5909,0.6667,0.5185,0.6512,0.5238,0.6939,0.6452,0.6111,0.6316,0.6818
0.2609,0.439,0.4737,0.4444,0.2609,0.5,0.4865,0.4571,0.4615,0.4865,0.4375,0.4444
0.4828,0.5366,0.5128,0.5455,0.4138,0.5238,0.4615,0.5333,0.5,0.5714,0.4324,0.4762
0.4286,0.4681,0.5,0.4783,0.32,0.4444,0.4783,0.4889,0.4706,0.4444,0.4286,0.5238
0.3846,0.6818,0.6977,0.6364,0.5,0.6222,0.6977,0.6667,0.5161,0.6667,0.6341,0.6486
0.4286,0.5143,0.6154,0.5,0.4828,0.4737,0.5128,0.4762,0.3448,0.4348,0.5294,0.5405
0.2308,0.4103,0.4211,0.3721,0.2308,0.4,0.3684,0.35,0.3448,0.3243,0.4571,0.4103
0.3704,0.5909,0.5417,0.5532,0.1,0.5778,0.6047,0.5652,0.5,0.5532,0.5778,0.4878
0.4667,0.5366,0.5641,0.5714,0.4667,0.55,0.5366,0.5714,0.5455,0.5455,0.5333,0.5455
0.3448,0.5116,0.439,0.4651,0.3077,0.4,0.4091,0.439,0.4,0.4681,0.48,0.4444
0.2609,0.5128,0.4737,0.5217,0.2609,0.5854,0.4737,0.5581,0.4828,0.45,0.45,0.4878
0.32,0.4878,0.4,0.5,0.3333,0.55,0.4571,0.5,0.3077,0.4211,0.5946,0.4615
0.5333,0.7273,0.8205,0.6818,0.5333,0.6977,0.6977,0.7111,0.6471,0.6512,0.65,0.619
0.2308,0.6222,0.5306,0.439,0.2222,0.5333,0.5116,0.4615,0.375,0.45,0.381,0.3902
0.5,0.4651,0.5,0.4762,0.4828,0.4762,0.4615,0.5,0.5625,0.4615,0.5405,0.55
0.4615,0.619,0.5106,0.6087,0.5517,0.6364,0.5652,0.5909,0.6061,0.6667,0.65,0.5909
0.2609,0.4,0.4737,0.4324,0.2609,0.3889,0.4324,0.3889,0.25,0.4444,0.3448,0.3871
0.4444,0.5455,0.5581,0.5,0.3846,0.6512,0.6047,0.4878,0.5455,0.5128,0.5405,0.4865
0.4828,0.5532,0.5714,0.6222,0.4828,0.6222,0.5581,0.6087,0.5455,0.5652,0.5532,0.5714
0.1818,0.4737,0.5405,0.5714,0.1818,0.6316,0.5556,0.6154,0.2963,0.4138,0.5405,0.4737
0.4,0.5455,0.5789,0.5333,0.4,0.5455,0.5789,0.5333,0.5143,0.449,0.5,0.5
0.1667,0.4583,0.3784,0.4681,0.0952,0.4186,0.4,0.4348,0.3333,0.4151,0.383,0.3922
0.5625,0.6222,0.619,0.6047,0.5625,0.619,0.7027,0.619,0.6061,0.5641,0.5714,0.5854
0.5333,0.4186,0.4103,0.4545,0.4444,0.4186,0.439,0.4186,0.5,0.4211,0.45,0.4
0.4444,0.5854,0.5,0.5833,0.32,0.6512,0.6341,0.5532,0.6452,0.439,0.5652,0.5238
0.5806,0.5581,0.5238,0.5116,0.4286,0.5581,0.4878,0.5217,0.6471,0.5641,0.5366,0.5946
0.48,0.5946,0.5556,0.5946,0.1818,0.5263,0.5128,0.5789,0.5517,0.5641,0.5,0.5789
0.4667,0.5455,0.5405,0.5714,0.4138,0.5455,0.5366,0.5366,0.5625,0.5238,0.5333,0.6047
0.4,0.5778,0.5,0.5532,0.3333,0.6087,0.5306,0.5532,0.4118,0.5217,0.5,0.5217
0.4286,0.5714,0.5714,0.5238,0.4444,0.5128,0.5,0.5366,0.3871,0.5366,0.619,0.5366
0.2308,0.5581,0.5641,0.5128,0.2308,0.55,0.5556,0.5,0.4667,0.5455,0.5238,0.5652
0.3333,0.4571,0.6286,0.5405,0.4167,0.5714,0.4865,0.5714,0.3846,0.6047,0.5263,0.4375
0.3846,0.4255,0.4681,0.381,0.3846,0.4545,0.439,0.375,0.4516,0.3256,0.3889,0.4118
0.2759,0.35,0.383,0.3913,0.2759,0.3913,0.383,0.3913,0.3125,0.4082,0.3913,0.359
0.3571,0.6087,0.6522,0.6522,0.3077,0.6522,0.6383,0.6522,0.6111,0.6122,0.5957,0.6364
0.48,0.5946,0.5238,0.5405,0.1,0.4865,0.6061,0.5556,0.6207,0.4211,0.4444,0.4444
0.4,0.5,0.5455,0.5789,0.3478,0.5909,0.5909,0.619,0.5806,0.5217,0.5,0.4889
0.4516,0.5714,0.5581,0.6047,0.3448,0.6047,0.5641,0.5581,0.5714,0.5532,0.5652,0.5581
0.32,0.4091,0.4186,0.4,0.2308,0.383,0.3721,0.4,0.3243,0.3182,0.3721,0.3721
0.4828,0.55,0.5714,0.5854,0.4138,0.55,0.5366,0.5366,0.4828,0.5128,0.4737,0.5263
0.25,0.4186,0.4186,0.4186,0.16,0.4444,0.4186,0.4286,0.2963,0.4091,0.4,0.3902
0.4242,0.4186,0.4737,0.4545,0.3871,0.439,0.5263,0.4545,0.4242,0.5106,0.4783,0.4889
0.4167,0.5789,0.4762,0.5854,0.1,0.5556,0.5405,0.5714,0.4615,0.439,0.5641,0.6061
0.5806,0.6512,0.7,0.6383,0.5806,0.6667,0.7442,0.6383,0.6857,0.6341,0.7179,0.6341
0.3333,0.52,0.6383,0.6222,0.3448,0.5909,0.5882,0.6087,0.5143,0.549,0.5385,0.5306
0.5333,0.4783,0.5,0.5714,0.3846,0.4878,0.5366,0.5217,0.5263,0.4583,0.4889,0.5532
0.4167,0.5854,0.4571,0.5217,0.2727,0.5455,0.5405,0.5217,0.5714,0.6,0.5641,0.5128
0.4,0.5238,0.5366,0.439,0.2857,0.45,0.5263,0.4878,0.4,0.4545,0.4878,0.4651
0.3571,0.5946,0.5455,0.5946,0.3704,0.5641,0.5455,0.5789,0.4375,0.45,0.5263,0.5
0.2609,0.6383,0.6122,0.6667,0.3704,0.6522,0.6667,0.6667,0.6875,0.6364,0.6977,0.6154
0.24,0.5306,0.5,0.5106,0.2963,0.5581,0.5217,0.5,0.3871,0.449,0.4615,0.4898
0.4444,0.4651,0.4889,0.4762,0.3704,0.4545,0.4286,0.4186,0.4516,0.3889,0.3636,0.4865
0.2609,0.6111,0.5455,0.5161,0.2,0.5882,0.5714,0.4828,0.3333,0.6452,0.5625,0.5625
0.4444,0.5455,0.45,0.5116,0.3333,0.5333,0.4865,0.5778,0.6061,0.5106,0.5532,0.4545
0.4138,0.4211,0.4737,0.5,0.4,0.4737,0.4865,0.4878,0.5,0.4,0.4865,0.4286
0.3077,0.4889,0.4167,0.5098,0.3704,0.4783,0.45,0.5098,0.4242,0.5532,0.4186,0.5532
0.4444,0.4762,0.5128,0.5366,0.3846,0.5,0.5,0.5366,0.5333,0.4545,0.4878,0.45
0.2667,0.5417,0.5,0.5417,0.2759,0.5306,0.52,0.5778,0.25,0.5,0.4783,0.5091
0.4444,0.3889,0.5714,0.4737,0.4,0.3889,0.4706,0.4737,0.5806,0.4324,0.4324,0.3429
0.4828,0.5957,0.5581,0.5306,0.4138,0.5882,0.6047,0.5417,0.4667,0.5,0.4898,0.4889
0.5517,0.5532,0.5714,0.5217,0.5517,0.6047,0.5909,0.5652,0.5517,0.6667,0.6047,0.6047
0.32,0.4583,0.4762,0.5366,0.32,0.4878,0.4878,0.5238,0.4667,0.4,0.359,0.4444
0.2727,0.5143,0.5556,0.5,0.2727,0.5556,0.5143,0.5143,0.4,0.4444,0.5714,0.2667
0.4,0.5238,0.5366,0.6316,0.4,0.5366,0.5854,0.6154,0.5161,0.5854,0.5789,0.6
0.3704,0.4878,0.55,0.5238,0.3704,0.5238,0.5581,0.5581,0.5,0.55,0.5306,0.4878
0.3571,0.5455,0.5455,0.5455,0.4138,0.5455,0.5854,0.5581,0.5556,0.439,0.5128,0.45
0.3077,0.4211,0.4324,0.3684,0.1667,0.4324,0.3889,0.4103,0.3571,0.2857,0.2703,0.3684
0.4138,0.5714,0.5366,0.5581,0.4286,0.5455,0.55,0.5854,0.5455,0.5238,0.4615,0.4889
0.4138,0.6522,0.6383,0.5909,0.5,0.6364,0.6512,0.5909,0.5714,0.65,0.7273,0.6222
0.3333,0.5778,0.65,0.6047,0.25,0.6047,0.6829,0.6047,0.5806,0.6047,0.619,0.6222
0.2609,0.6667,0.7273,0.5957,0.2609,0.6667,0.7273,0.6087,0.7222,0.6512,0.6122,0.6667
0.3846,0.5,0.4,0.4762,0.4,0.4762,0.4324,0.4762,0.5517,0.55,0.5333,0.4103
0.4667,0.4706,0.4348,0.4681,0.4286,0.5106,0.4,0.4783,0.5455,0.5417,0.5455,0.5217
0.25,0.4,0.4,0.4,0.25,0.4186,0.4286,0.4,0.4,0.4286,0.4,0.45
0.4138,0.52,0.5532,0.4348,0.4286,0.4878,0.4878,0.4545,0.4848,0.5714,0.5417,0.4
0.3871,0.5366,0.6,0.5,0.4138,0.5366,0.5714,0.5366,0.5143,0.5,0.5366,0.4615
0.3571,0.5455,0.4762,0.5238,0.3333,0.5333,0.5,0.4762,0.4667,0.381,0.5238,0.4651
0.24,0.4865,0.5789,0.5238,0.2308,0.5116,0.6154,0.45,0.4516,0.4737,0.5789,0.5
0.4444,0.5116,0.5957,0.5333,0.1905,0.4651,0.439,0.5333,0.4286,0.5854,0.5417,0.5116
0.5625,0.5532,0.5714,0.6383,0.5,0.6522,0.6047,0.6122,0.6111,0.5,0.5385,0.5
0.4286,0.5778,0.5909,0.5217,0.3704,0.5366,0.5366,0.5333,0.5882,0.6111,0.5116,0.5333
0.4348,0.5789,0.5263,0.6111,0.3636,0.6154,0.5641,0.5789,0.56,0.6875,0.6286,0.6471
0.4615,0.5714,0.55,0.4762,0.3478,0.5455,0.5238,0.5116,0.5625,0.5,0.5294,0.5714
0.4667,0.5116,0.55,0.5,0.4138,0.55,0.5789,0.5128,0.5,0.4878,0.4865,0.4865
